timestamp,motion,sound_level,gas_level,threat_level,alerts
2026-05-11T19:24:12.492534,True,90,40,medium,Possible aggressive activity
2026-05-11T20:07:44.362414,True,82,485,high,Possible aggressive activity; Poor air quality detected; Dangerous gas level detected
2026-05-11T20:07:49.367142,False,116,450,high,Poor air quality detected; Dangerous gas level detected
2026-05-11T20:07:54.371141,True,44,460,high,Poor air quality detected; Dangerous gas level detected
2026-05-11T20:07:59.375839,True,113,83,high,Possible aggressive activity; Possible emergency screaming detected
2026-05-11T20:08:04.380382,True,99,500,high,Possible aggressive activity; Poor air quality detected; Dangerous gas level detected
2026-05-11T20:08:09.385872,True,50,201,low,
2026-05-11T20:08:14.389708,True,59,202,low,
2026-05-11T20:08:19.394037,False,67,417,high,Poor air quality detected; Dangerous gas level detected
2026-05-11T20:08:24.397873,False,48,321,medium,Poor air quality detected
2026-05-11T20:08:29.401835,True,91,193,medium,Possible aggressive activity
2026-05-11T20:08:34.405722,False,68,73,low,
2026-05-11T20:08:39.409826,False,50,321,medium,Poor air quality detected
2026-05-11T20:08:44.413790,True,69,183,low,
2026-05-11T20:08:49.417474,True,72,129,low,
2026-05-11T20:08:54.421357,True,77,23,low,
2026-05-11T20:08:59.425772,False,84,148,low,
2026-05-11T20:09:04.429796,False,51,494,high,Poor air quality detected; Dangerous gas level detected
2026-05-11T20:09:09.433684,False,52,135,low,
2026-05-11T20:09:14.437631,False,33,314,medium,Poor air quality detected
2026-05-11T20:09:19.441913,True,55,491,high,Poor air quality detected; Dangerous gas level detected
2026-05-11T20:09:24.446073,False,41,112,low,
2026-05-11T20:09:29.449652,False,34,330,medium,Poor air quality detected
2026-05-11T20:09:34.454109,False,62,358,medium,Poor air quality detected
2026-05-11T20:09:39.458284,True,117,46,high,Possible aggressive activity; Possible emergency screaming detected
2026-05-11T20:09:44.462310,False,34,499,high,Poor air quality detected; Dangerous gas level detected
2026-05-11T20:09:49.466032,False,82,310,medium,Poor air quality detected
2026-05-11T20:09:54.470015,True,89,268,medium,Possible aggressive activity; Poor air quality detected
2026-05-11T20:09:59.474199,False,39,39,low,
2026-05-11T20:10:04.478444,False,87,123,low,
2026-05-11T20:10:09.483335,False,61,400,high,Poor air quality detected; Dangerous gas level detected
2026-05-11T20:10:14.487633,True,87,416,high,Possible aggressive activity; Poor air quality detected; Dangerous gas level detected
2026-05-11T20:10:19.492207,True,78,329,medium,Poor air quality detected
2026-05-11T20:10:24.496053,False,92,310,medium,Poor air quality detected
2026-05-11T20:10:29.500554,True,52,31,low,
2026-05-11T20:10:34.505123,False,65,193,low,
2026-05-11T20:10:39.509459,False,103,113,low,
2026-05-11T20:10:44.513544,False,50,257,medium,Poor air quality detected
2026-05-11T20:10:49.517848,True,40,63,low,
2026-05-12T16:08:08.986294,True,92,310,medium,Possible aggressive activity; Poor air quality detected
2026-05-13T22:10:17.188838,1,,,low,
2026-05-13T22:10:22.426743,1,,,low,
2026-05-13T22:10:27.903902,0,,,low,
2026-05-13T22:10:33.107819,0,,,low,
2026-05-13T22:10:38.347036,0,,,low,
2026-05-13T22:10:43.774369,1,,,low,
2026-05-13T22:10:49.121716,0,,,low,
2026-05-13T22:10:54.378805,0,,,low,
2026-05-13T22:10:59.647647,0,,,low,
2026-05-13T22:11:04.873327,0,,,low,
2026-05-13T22:11:10.298742,1,,,low,
2026-05-13T22:11:15.726001,0,,,low,
2026-05-13T22:11:21.049945,1,,,low,
2026-05-13T22:11:26.374104,0,,,low,
2026-05-13T22:11:31.800064,0,,,low,
2026-05-13T22:11:37.310809,1,,,low,
2026-05-13T22:11:42.657752,1,,,low,
2026-05-13T22:11:48.084498,0,,,low,
2026-05-13T22:11:53.617245,1,,,low,
2026-05-13T22:11:59.000016,0,,,low,
2026-05-13T22:12:04.358165,0,,,low,
2026-05-13T22:12:09.795075,1,,,low,
2026-05-13T22:12:15.324155,0,,,low,
2026-05-13T22:12:20.625627,0,,,low,
2026-05-13T22:12:25.871500,1,,,low,
2026-05-13T22:12:31.299129,0,,,low,
2026-05-13T22:12:36.618908,0,,,low,
2026-05-13T22:12:42.153186,1,,,low,
2026-05-13T22:12:47.365301,0,,,low,
2026-05-13T22:12:52.905526,0,,,low,
2026-05-13T22:12:58.122557,0,,,low,
2026-05-13T22:13:03.556114,0,,,low,
2026-05-13T22:13:08.882080,1,,,low,
2026-05-13T22:13:14.265360,1,,,low,
2026-05-13T22:13:19.558432,1,,,low,
2026-05-13T22:13:25.064860,0,,,low,
2026-05-13T22:13:30.341099,0,,,low,
2026-05-13T22:13:35.805734,0,,,low,
2026-05-13T22:13:41.142237,0,,,low,
2026-05-13T22:13:46.564613,0,,,low,
2026-05-13T22:13:52.099458,0,,,low,
2026-05-13T22:13:57.450108,1,,,low,
2026-05-13T22:14:02.595682,1,,,low,
2026-05-13T22:14:08.070065,0,,,low,
2026-05-13T22:14:13.395441,0,,,low,
2026-05-13T22:14:18.777634,0,,,low,
2026-05-13T22:14:24.147381,1,,,low,
2026-05-13T22:14:29.373685,0,,,low,
2026-05-13T22:14:34.798350,0,,,low,
2026-05-13T22:14:40.329197,1,,,low,
2026-05-13T22:14:45.840407,1,,,low,
2026-05-13T22:14:51.280277,1,,,low,
2026-05-13T22:14:56.770731,0,,,low,
2026-05-13T22:15:02.242246,0,,,low,
2026-05-13T22:15:07.769436,1,,,low,
2026-05-13T22:15:13.217231,1,,,low,
2026-05-13T22:15:18.523898,1,,,low,
2026-05-13T22:15:24.005701,0,,,low,
2026-05-13T22:15:29.380122,1,,,low,
2026-05-13T22:15:34.805956,0,,,low,
2026-05-13T22:15:40.122632,0,,,low,
2026-05-13T22:15:45.660385,1,,,low,
2026-05-13T22:15:51.087902,0,,,low,
2026-05-13T22:15:56.418131,1,,,low,
2026-05-13T22:16:01.640918,0,,,low,
2026-05-13T22:16:07.167720,0,,,low,
2026-05-13T22:16:12.591433,0,,,low,
2026-05-13T22:16:17.914985,0,,,low,
2026-05-13T22:16:23.143519,0,,,low,
2026-05-13T22:16:28.564756,1,,,low,
2026-05-13T22:16:33.891779,0,,,low,
2026-05-13T22:16:39.278821,0,,,low,
2026-05-13T22:16:44.644503,1,,,low,
2026-05-13T22:16:50.070502,0,,,low,
2026-05-13T22:16:55.394127,0,,,low,
2026-05-13T22:17:00.781318,1,,,low,
2026-05-13T22:17:06.150724,0,,,low,
2026-05-13T22:17:11.677483,1,,,low,
2026-05-13T22:17:17.026179,0,,,low,
2026-05-13T22:17:22.430393,1,,,low,
2026-05-13T22:17:27.758531,0,,,low,
2026-05-13T22:17:33.286173,1,,,low,
2026-05-13T22:17:38.736394,1,,,low,
2026-05-13T22:17:44.032616,1,,,low,
2026-05-13T22:17:49.571739,0,,,low,
2026-05-13T22:17:54.891655,0,,,low,
2026-05-13T22:18:00.318027,1,,,low,
2026-05-13T22:18:05.613672,1,,,low,
2026-05-13T22:18:11.073649,1,,,low,
2026-05-13T22:18:16.380544,1,,,low,
2026-05-13T22:18:21.825341,1,,,low,
2026-05-13T22:18:27.237376,1,,,low,
2026-05-13T22:18:32.372575,0,,,low,
2026-05-13T22:18:37.855308,1,,,low,
2026-05-13T22:18:43.228371,1,,,low,
2026-05-13T22:18:48.510173,1,,,low,
2026-05-13T22:18:53.875228,0,,,low,
2026-05-13T22:18:59.208317,0,,,low,
2026-05-13T22:19:04.419755,1,,,low,
2026-05-13T22:19:09.644438,0,,,low,
2026-05-13T22:19:15.073733,0,,,low,
2026-05-13T22:19:20.604462,1,,,low,
2026-05-13T22:19:25.985708,1,,,low,
2026-05-13T22:19:31.152260,0,,,low,
2026-05-13T22:19:36.582032,1,,,low,
2026-05-13T22:19:41.892646,1,,,low,
2026-05-13T22:21:37.227456,0,,,low,
2026-05-13T22:21:42.451857,0,,,low,
2026-05-13T22:21:47.656701,1,,,low,
2026-05-13T22:21:52.904058,0,,,low,
2026-05-13T22:21:58.324981,0,,,low,
2026-05-13T22:22:03.865402,0,,,low,
2026-05-13T22:22:09.343209,0,,,low,
2026-05-13T22:22:14.828029,0,,,low,
2026-05-13T22:22:20.247913,1,,,low,
2026-05-13T22:22:25.423191,0,,,low,
2026-05-13T22:22:30.798222,1,,,low,
2026-05-13T22:22:36.116442,1,,,low,
2026-05-13T22:22:41.648840,1,,,low,
2026-05-13T22:22:47.060034,1,,,low,
2026-05-13T22:22:52.198269,0,,,low,
2026-05-13T22:22:57.553694,0,,,low,
2026-05-13T22:23:02.851574,0,,,low,
2026-05-13T22:23:08.337145,1,,,low,
2026-05-13T22:23:13.706001,0,,,low,
2026-05-13T22:23:19.031911,0,,,low,
2026-05-13T22:23:24.256131,0,,,low,
2026-05-13T22:23:29.431207,0,,,low,
2026-05-13T22:23:34.802074,0,,,low,
2026-05-13T22:23:40.126441,1,,,low,
2026-05-13T22:23:45.650502,0,,,low,
2026-05-13T22:23:50.974721,1,,,low,
2026-05-13T22:23:56.407403,0,,,low,
2026-05-13T22:24:01.733105,0,,,low,
2026-05-13T22:24:07.113082,0,,,low,
2026-05-13T22:24:12.485421,1,,,low,
2026-05-13T22:24:17.969371,0,,,low,
2026-05-13T22:24:23.339871,1,,,low,
2026-05-13T22:24:28.764325,1,,,low,
2026-05-13T22:24:33.944461,0,,,low,
2026-05-13T22:24:39.213184,0,,,low,
2026-05-13T22:24:44.640337,0,,,low,
2026-05-13T22:24:49.906824,0,,,low,
2026-05-13T22:24:55.292075,1,,,low,
2026-05-13T22:25:00.517570,1,,,low,
2026-05-13T22:25:05.938420,0,,,low,
2026-05-13T22:25:11.370026,0,,,low,
2026-05-13T22:25:17.001572,0,,,low,
2026-05-13T22:25:22.213499,0,,,low,
2026-05-13T22:25:27.709170,1,,,low,
2026-05-13T22:25:32.932087,0,,,low,
2026-05-13T22:25:38.384468,0,,,low,
2026-05-13T22:25:43.728300,1,,,low,
2026-05-13T22:25:48.932322,0,,,low,
2026-05-13T22:25:54.376186,1,,,low,
2026-05-13T22:25:59.787838,0,,,low,
2026-05-13T22:26:10.822933,1,,,low,
2026-05-13T22:26:16.296551,0,,,low,
2026-05-13T22:26:21.620946,1,,,low,
2026-05-13T22:26:27.143994,1,,,low,
2026-05-13T22:26:32.470849,1,,,low,
2026-05-13T22:26:38.499671,0,,,low,
2026-05-13T22:26:43.736957,1,,,low,
2026-05-13T22:26:49.164464,0,,,low,
2026-05-13T22:26:54.487479,1,,,low,
2026-05-13T22:26:59.915599,0,,,low,
2026-05-13T22:27:05.224217,0,,,low,
2026-05-13T22:27:10.461262,0,,,low,
2026-05-13T22:27:15.890644,1,,,low,
2026-05-13T22:27:21.419355,0,,,low,
2026-05-13T22:27:27.051985,0,,,low,
2026-05-13T22:27:32.297752,1,,,low,
2026-05-13T22:27:37.495369,1,,,low,
2026-05-13T22:27:42.824322,1,,,low,
2026-05-13T22:27:48.148267,0,,,low,
2026-05-13T22:27:53.580656,1,,,low,
2026-05-13T22:27:58.999013,1,,,low,
2026-05-13T22:28:04.433272,1,,,low,
2026-05-13T22:28:09.856418,1,,,low,
2026-05-13T22:28:15.385519,0,,,low,
2026-05-13T22:28:20.869664,1,,,low,
2026-05-13T22:28:26.198890,1,,,low,
2026-05-13T22:28:31.565830,1,,,low,
2026-05-13T22:28:36.967320,1,,,low,
2026-05-13T22:28:43.178174,1,,,low,
2026-05-13T22:28:48.461146,1,,,low,
2026-05-13T22:28:53.816510,0,,,low,
2026-05-13T22:28:59.010883,0,,,low,
2026-05-13T22:29:04.232537,0,,,low,
2026-05-13T22:29:09.659813,0,,,low,
2026-05-13T22:29:15.095082,0,,,low,
2026-05-13T22:29:20.515640,1,,,low,
2026-05-13T22:29:25.934013,0,,,low,
2026-05-13T22:29:31.217664,1,,,low,
2026-05-13T22:29:36.697748,1,,,low,
2026-05-13T22:29:42.222586,1,,,low,
2026-05-13T22:29:47.752628,1,,,low,
2026-05-13T22:29:52.934743,1,,,low,
2026-05-13T22:29:58.504257,1,,,low,
2026-05-13T22:30:03.891301,1,,,low,
2026-05-13T22:30:09.258607,1,,,low,
2026-05-13T22:30:14.479684,0,,,low,
2026-05-13T22:30:19.866080,1,,,low,
2026-05-13T22:30:25.204727,1,,,low,
2026-05-13T22:30:30.616616,1,,,low,
2026-05-13T22:30:35.978565,1,,,low,
2026-05-13T22:30:41.516286,0,,,low,
2026-05-13T22:30:46.735867,1,,,low,
2026-05-13T22:30:52.165910,0,,,low,
2026-05-13T22:30:57.491378,1,,,low,
2026-05-13T22:31:02.915356,1,,,low,
2026-05-13T22:31:08.201069,1,,,low,
2026-05-13T22:31:13.670305,0,,,low,
2026-05-13T22:31:19.199038,0,,,low,
2026-05-13T22:31:24.487533,0,,,low,
2026-05-13T22:31:29.752398,1,,,low,
2026-05-13T22:31:35.176748,0,,,low,
2026-05-13T22:31:40.504540,1,,,low,
2026-05-13T22:31:45.725371,0,,,low,
2026-05-13T22:31:51.151395,0,,,low,
2026-05-13T22:31:56.440063,1,,,low,
2026-05-13T22:32:01.898873,1,,,low,
2026-05-13T22:32:07.227401,1,,,low,
2026-05-13T22:32:12.759539,1,,,low,
2026-05-13T22:32:17.958910,0,,,low,
2026-05-13T22:32:23.408546,1,,,low,
2026-05-13T22:32:28.717128,0,,,low,
2026-05-13T22:32:34.151469,1,,,low,
2026-05-13T22:32:39.451265,1,,,low,
2026-05-13T22:32:45.013401,0,,,low,
2026-05-13T22:32:50.237191,0,,,low,
2026-05-13T22:32:55.648998,0,,,low,
2026-05-13T22:33:00.952676,1,,,low,
2026-05-13T22:33:06.397953,1,,,low,
2026-05-13T22:33:11.711781,0,,,low,
2026-05-13T22:33:17.165908,1,,,low,
2026-05-13T22:33:22.902337,1,,,low,
2026-05-13T22:37:51.506782,0,,,low,
2026-05-13T22:37:56.832267,1,,,low,
2026-05-13T22:38:02.362205,1,,,low,
2026-05-13T22:38:07.585406,0,,,low,
2026-05-13T22:38:12.717491,0,,,low,
2026-05-13T22:38:18.028533,0,,,low,
2026-05-13T22:38:23.352018,1,,,low,
2026-05-13T22:38:28.680184,1,,,low,
2026-05-13T22:38:34.007387,1,,,low,
2026-05-13T22:38:39.327837,0,,,low,
2026-05-13T22:38:44.659515,1,,,low,
2026-05-13T22:38:49.776566,1,,,low,
2026-05-13T22:38:55.198668,1,,,low,
2026-05-13T22:39:00.509554,0,,,low,
2026-05-13T22:39:05.651611,1,,,low,
2026-05-13T22:39:10.754349,1,,,low,
2026-05-13T22:39:15.819844,1,,,low,
2026-05-13T22:39:20.897438,0,,,low,
2026-05-13T22:39:26.229954,0,,,low,
2026-05-13T22:39:31.554060,0,,,low,
2026-05-13T22:39:36.860417,1,,,low,
2026-05-13T22:39:41.928942,1,,,low,
2026-05-13T22:39:47.035653,1,,,low,
2026-05-13T22:39:52.341987,0,,,low,
2026-05-13T22:39:57.666958,0,,,low,
2026-05-13T22:40:02.930326,1,,,low,
2026-05-13T22:40:08.112606,1,,,low,
2026-05-13T22:40:13.193255,0,,,low,
2026-05-13T22:40:18.316364,1,,,low,
2026-05-13T22:40:23.474482,1,,,low,
2026-05-13T22:40:28.786586,0,,,low,
2026-05-13T22:40:33.865007,1,,,low,
2026-05-13T22:40:39.140731,1,,,low,
2026-05-13T22:40:44.452418,0,,,low,
2026-05-13T22:40:49.790990,0,,,low,
2026-05-13T22:40:55.114460,1,,,low,
2026-05-13T22:41:00.442782,1,,,low,
2026-05-13T22:41:05.519241,0,,,low,
2026-05-13T22:41:10.681135,0,,,low,
2026-05-13T22:41:15.783954,1,,,low,
2026-05-13T22:41:20.918846,1,,,low,
2026-05-13T22:41:26.248190,1,,,low,
2026-05-13T22:41:31.673934,0,,,low,
2026-05-13T22:41:37.104248,1,,,low,
2026-05-13T22:41:42.425872,1,,,low,
2026-05-13T22:41:47.504606,1,,,low,
2026-05-13T22:41:52.698220,1,,,low,
2026-05-13T22:41:57.988982,0,,,low,
2026-05-13T22:42:34.929976,1,,,low,
2026-05-13T22:42:40.083543,1,,,low,
2026-05-13T22:42:45.504291,0,,,low,
2026-05-13T22:42:50.610522,0,,,low,
2026-05-13T22:42:55.744770,1,,,low,
2026-05-13T22:43:01.072761,0,,,low,
2026-05-13T22:43:06.498526,0,,,low,
2026-05-13T22:43:11.579747,0,,,low,
2026-05-13T22:43:16.647114,1,,,low,
2026-05-13T22:43:21.946286,0,,,low,
2026-05-13T22:43:27.387641,0,,,low,
2026-05-13T22:43:32.797001,1,,,low,
2026-05-13T22:43:37.875386,1,,,low,
2026-05-13T22:43:43.060634,0,,,low,
2026-05-13T22:43:48.469321,1,,,low,
2026-05-13T22:43:53.564286,0,,,low,
2026-05-13T22:43:58.723672,1,,,low,
2026-05-13T22:44:04.049229,1,,,low,
2026-05-13T22:44:09.131927,0,,,low,
2026-05-13T22:44:14.248776,1,,,low,
2026-05-13T22:44:19.318712,0,,,low,
2026-05-13T22:44:24.566583,0,,,low,
2026-05-13T22:44:29.957441,1,,,low,
2026-05-13T22:44:35.273622,1,,,low,
2026-05-13T22:44:40.507621,0,,,low,
2026-05-13T22:44:45.830076,1,,,low,
2026-05-13T22:44:51.159186,1,,,low,
2026-05-13T22:44:56.582468,0,,,low,
2026-05-13T22:45:01.762830,0,,,low,
2026-05-13T22:45:07.132905,0,,,low,
2026-05-13T22:45:12.429792,1,,,low,
2026-05-13T22:45:17.575962,1,,,low,
2026-05-13T22:45:22.904289,0,,,low,
2026-05-13T22:45:28.229649,0,,,low,
2026-05-13T22:46:15.212980,0,,,low,
2026-05-13T22:46:20.370192,0,,,low,
2026-05-13T22:46:25.776834,0,,,low,
2026-05-13T22:46:30.881612,1,,,low,
2026-05-13T22:46:35.976994,1,,,low,
2026-05-13T22:46:41.133070,1,,,low,
2026-05-13T22:46:46.261124,0,,,low,
2026-05-13T22:46:51.580746,0,,,low,
2026-05-13T22:46:57.012403,1,,,low,
2026-05-13T22:47:02.232975,0,,,low,
2026-05-13T22:47:07.455282,1,,,low,
2026-05-13T22:47:12.676981,1,,,low,
2026-05-13T22:47:17.862922,1,,,low,
2026-05-13T22:47:53.683008,1,,,low,
2026-05-13T22:47:58.845689,0,,,low,
2026-05-13T22:48:03.910765,1,,,low,
2026-05-13T22:48:08.988237,1,,,low,
2026-05-13T22:48:14.111730,1,,,low,
2026-05-13T22:48:19.441041,1,,,low,
2026-05-13T22:48:24.764953,1,,,low,
2026-05-13T22:48:30.081176,1,,,low,
2026-05-13T22:48:35.215525,0,,,low,
2026-05-13T22:48:40.538721,1,,,low,
2026-05-13T22:48:45.846844,0,,,low,
2026-05-13T22:48:50.939272,0,,,low,
2026-05-13T22:48:56.062925,1,,,low,
2026-05-13T22:49:01.185291,0,,,low,
2026-05-13T22:49:06.326400,1,,,low,
2026-05-13T22:49:11.467921,1,,,low,
2026-05-13T22:49:16.536827,0,,,low,
2026-05-13T22:49:21.704271,0,,,low,
2026-05-13T22:49:27.135015,0,,,low,
2026-05-13T22:49:32.459350,1,,,low,
2026-05-13T22:49:37.531893,1,,,low,
2026-05-13T22:49:42.799292,0,,,low,
2026-05-13T22:49:48.126439,0,,,low,
2026-05-13T22:49:53.451660,1,,,low,
2026-05-13T22:49:58.771920,1,,,low,
2026-05-13T22:50:04.084372,1,,,low,
2026-05-13T22:50:09.218831,1,,,low,
2026-05-13T22:50:14.555217,1,,,low,
2026-05-13T22:50:19.650070,1,,,low,
2026-05-13T22:50:24.743342,1,,,low,
2026-05-13T22:50:29.888829,0,,,low,
2026-05-13T22:50:35.024920,1,,,low,
2026-05-13T22:50:40.342640,1,,,low,
2026-05-13T22:50:45.673677,1,,,low,
2026-05-13T22:50:51.099950,1,,,low,
2026-05-13T22:50:56.220254,0,,,low,
2026-05-13T22:51:01.649455,1,,,low,
2026-05-13T22:51:06.870016,1,,,low,
2026-05-13T22:51:12.200474,0,,,low,
2026-05-13T22:51:17.626025,1,,,low,
2026-05-13T22:51:22.744146,0,,,low,
2026-05-13T22:51:27.821555,1,,,low,
2026-05-13T22:51:32.984683,0,,,low,
2026-05-13T22:51:38.293801,0,,,low,
2026-05-13T22:51:43.437800,1,,,low,
2026-05-13T22:51:48.755499,1,,,low,
2026-05-13T22:51:54.081274,0,,,low,
2026-05-13T22:51:59.160836,0,,,low,
2026-05-13T22:52:04.318685,1,,,low,
2026-05-13T22:52:09.640801,1,,,low,
2026-05-13T22:52:14.971133,1,,,low,
2026-05-13T22:52:20.048821,0,,,low,
2026-05-13T22:52:25.196521,1,,,low,
2026-05-13T22:52:30.329076,0,,,low,
2026-05-13T23:03:30.112372,0,,,low,
2026-05-13T23:03:35.442217,1,,,low,
2026-05-13T23:04:27.051699,0,,,low,
2026-05-13T23:04:32.374795,0,,,low,
2026-05-13T23:04:37.700094,0,,,low,
2026-05-13T23:04:42.824166,0,,,low,
2026-05-13T23:04:48.142621,0,,,low,
2026-05-13T23:04:53.226606,1,,,low,
2026-05-13T23:04:58.384052,0,,,low,
2026-05-13T23:05:03.463721,0,,,low,
2026-05-13T23:05:08.726025,0,,,low,
2026-05-13T23:05:13.908026,0,,,low,
2026-05-13T23:05:19.171785,1,,,low,
2026-05-13T23:05:24.394959,0,,,low,
2026-05-13T23:05:29.821827,1,,,low,
2026-05-13T23:05:34.903139,1,,,low,
2026-05-13T23:05:40.061665,1,,,low,
2026-05-13T23:05:45.181903,0,,,low,
2026-05-13T23:05:50.303715,0,,,low,
2026-05-13T23:05:55.629139,0,,,low,
2026-05-13T23:06:01.043061,0,,,low,
2026-05-13T23:06:06.278904,1,,,low,
2026-05-13T23:06:11.502191,0,,,low,
2026-05-13T23:06:16.605278,1,,,low,
2026-05-13T23:06:21.741109,0,,,low,
2026-05-13T23:06:27.171536,1,,,low,
2026-05-13T23:06:32.495741,0,,,low,
2026-05-13T23:06:37.819770,1,,,low,
2026-05-13T23:06:43.102810,0,,,low,
2026-05-13T23:06:48.267330,0,,,low,
2026-05-13T23:07:23.799848,1,,,low,
2026-05-13T23:07:29.123226,0,,,low,
2026-05-13T23:07:34.390360,0,,,low,
2026-05-13T23:07:39.570712,0,,,low,
2026-05-13T23:07:44.684448,1,,,low,
2026-05-13T23:07:49.800684,0,,,low,
2026-05-13T23:07:55.031249,1,,,low,
2026-05-13T23:08:00.252940,1,,,low,
2026-05-13T23:08:05.475940,0,,,low,
2026-05-13T23:08:41.112189,0,,,low,
2026-05-13T23:08:46.325198,0,,,low,
2026-05-13T23:08:51.863433,1,,,low,
2026-05-13T23:08:57.123482,0,,,low,
2026-05-13T23:09:02.413739,0,,,low,
2026-05-13T23:09:07.842526,1,,,low,
2026-05-13T23:09:12.963543,1,,,low,
2026-05-13T23:09:18.387629,1,,,low,
2026-05-13T23:09:23.558350,0,,,low,
2026-05-13T23:09:28.737314,0,,,low,
2026-05-13T23:09:34.157796,0,,,low,
2026-05-13T23:09:39.590265,0,,,low,
2026-05-13T23:09:44.758068,1,,,low,
2026-05-13T23:09:50.035892,1,,,low,
2026-05-13T23:09:55.343001,0,,,low,
2026-05-13T23:10:00.683161,1,,,low,
2026-05-13T23:10:06.107030,0,,,low,
2026-05-13T23:10:11.180113,0,,,low,
2026-05-13T23:10:16.301811,0,,,low,
2026-05-13T23:10:21.370710,1,,,low,
2026-05-13T23:10:26.691499,0,,,low,
2026-05-13T23:10:31.811269,0,,,low,
2026-05-13T23:10:37.124286,0,,,low,
2026-05-13T23:10:42.307346,0,,,low,
2026-05-13T23:10:47.380845,0,,,low,
2026-05-13T23:10:52.904937,0,,,low,
2026-05-13T23:10:58.219819,1,,,low,
2026-05-13T23:11:03.340708,1,,,low,
2026-05-13T23:11:08.424899,1,,,low,
2026-05-13T23:11:13.549503,1,,,low,
2026-05-13T23:11:18.715602,1,,,low,
2026-05-13T23:11:24.037451,1,,,low,
2026-05-13T23:11:29.361094,0,,,low,
2026-05-13T23:11:34.685978,0,,,low,
2026-05-13T23:11:40.016342,1,,,low,
2026-05-13T23:11:45.236127,1,,,low,
2026-05-13T23:11:50.443649,0,,,low,
2026-05-13T23:11:55.531284,1,,,low,
2026-05-13T23:12:00.603237,1,,,low,
2026-05-13T23:12:05.673497,1,,,low,
2026-05-13T23:12:10.823144,1,,,low,
2026-05-13T23:12:16.262932,1,,,low,
2026-05-13T23:12:21.487378,0,,,low,
2026-05-13T23:12:26.910251,1,,,low,
2026-05-13T23:12:32.236984,1,,,low,
2026-05-13T23:12:37.413967,1,,,low,
2026-05-13T23:12:42.990895,0,,,low,
2026-05-13T23:12:48.154263,0,,,low,
2026-05-13T23:12:53.250608,1,,,low,
2026-05-13T23:12:58.651952,1,,,low,
2026-05-13T23:13:03.784341,1,,,low,
2026-05-13T23:13:09.100128,0,,,low,
2026-05-13T23:13:14.426689,1,,,low,
2026-05-13T23:13:19.751494,0,,,low,
2026-05-13T23:13:24.873199,0,,,low,
2026-05-13T23:13:30.195691,1,,,low,
2026-05-13T23:13:35.623389,1,,,low,
2026-05-13T23:13:40.745301,0,,,low,
2026-05-13T23:13:46.068925,1,,,low,
2026-05-13T23:13:51.394137,1,,,low,
2026-05-13T23:13:56.936865,1,,,low,
2026-05-13T23:14:02.453868,0,,,low,
2026-05-13T23:14:07.779829,0,,,low,
2026-05-13T23:14:13.196329,1,,,low,
2026-05-13T23:14:18.528752,1,,,low,
2026-05-13T23:14:23.650383,0,,,low,
2026-05-13T23:14:28.976360,0,,,low,
2026-05-13T23:14:34.300867,1,,,low,
2026-05-13T23:14:39.727678,1,,,low,
2026-05-13T23:14:45.251181,0,,,low,
2026-05-13T23:14:50.480734,0,,,low,
2026-05-13T23:14:55.707168,0,,,low,
2026-05-13T23:15:34.673499,0,,,low,
2026-05-13T23:15:39.943773,0,,,low,
2026-05-13T23:15:45.475760,0,,,low,
2026-05-13T23:15:51.003168,0,,,low,
2026-05-13T23:15:56.212146,0,,,low,
2026-05-13T23:16:59.165496,0,,,low,
2026-05-13T23:17:04.252251,0,,,low,
2026-05-13T23:17:09.751509,0,,,low,
2026-05-13T23:17:15.077796,0,,,low,
2026-05-13T23:17:20.402727,0,,,low,
2026-05-13T23:17:25.622050,1,,,low,
2026-05-13T23:17:31.154730,1,,,low,
2026-05-13T23:17:36.430450,0,,,low,
2026-05-13T23:17:41.554683,0,,,low,
2026-05-13T23:17:46.666391,0,,,low,
2026-05-13T23:17:51.837047,1,,,low,
2026-05-13T23:17:57.478307,1,,,low,
2026-05-13T23:18:02.898369,1,,,low,
2026-05-13T23:18:08.428009,0,,,low,
2026-05-13T23:18:13.739329,0,,,low,
2026-05-13T23:18:19.178534,1,,,low,
2026-05-13T23:18:24.509409,1,,,low,
2026-05-13T23:18:30.037893,1,,,low,
2026-05-13T23:18:35.321894,1,,,low,
2026-05-13T23:18:40.481809,0,,,low,
2026-05-13T23:18:45.556938,1,,,low,
2026-05-13T23:18:50.821427,1,,,low,
2026-05-13T23:18:55.998653,1,,,low,
2026-05-13T23:19:01.454395,1,,,low,
2026-05-13T23:19:06.693306,1,,,low,
2026-05-13T23:19:11.808671,0,,,low,
2026-05-13T23:19:17.240513,0,,,low,
2026-05-13T23:19:22.670190,0,,,low,
2026-05-13T23:19:27.992973,1,,,low,
2026-05-13T23:19:33.212097,1,,,low,
2026-05-13T23:19:38.348341,1,,,low,
2026-05-13T23:19:43.868347,1,,,low,
2026-05-13T23:19:49.095727,0,,,low,
2026-05-13T23:19:54.375581,1,,,low,
2026-05-13T23:19:59.453743,1,,,low,
2026-05-13T23:20:05.056605,1,,,low,
2026-05-13T23:20:10.247131,1,,,low,
2026-05-13T23:20:15.350804,1,,,low,
2026-05-13T23:20:20.437657,0,,,low,
2026-05-13T23:20:25.531347,0,,,low,
2026-05-13T23:20:30.652759,0,,,low,
2026-05-13T23:20:36.293663,0,,,low,
2026-05-13T23:20:41.725752,0,,,low,
2026-05-13T23:20:47.050071,0,,,low,
2026-05-13T23:20:52.379204,0,,,low,
2026-05-13T23:20:57.552725,0,,,low,
2026-05-13T23:21:03.025487,1,,,low,
2026-05-13T23:21:08.244936,1,,,low,
2026-05-13T23:21:13.328148,1,,,low,
2026-05-13T23:21:18.441501,0,,,low,
2026-05-13T23:21:23.883848,0,,,low,
2026-05-13T23:21:29.541574,1,,,low,
2026-05-13T23:21:35.076366,0,,,low,
2026-05-13T23:21:40.298881,1,,,low,
2026-05-13T23:21:45.761434,0,,,low,
2026-05-13T23:21:51.158530,0,,,low,
2026-05-13T23:21:56.687415,1,,,low,
2026-05-13T23:22:01.901252,1,,,low,
2026-05-13T23:22:07.514205,0,,,low,
2026-05-13T23:22:12.819861,0,,,low,
2026-05-13T23:22:18.067774,0,,,low,
2026-05-13T23:22:23.628905,1,,,low,
2026-05-13T23:22:29.044610,0,,,low,
2026-05-13T23:22:34.569464,0,,,low,
2026-05-13T23:22:39.898045,1,,,low,
2026-05-13T23:22:45.085749,0,,,low,
2026-05-13T23:22:50.200539,0,,,low,
2026-05-13T23:22:55.317554,0,,,low,
2026-05-13T23:23:00.411625,1,,,low,
2026-05-13T23:23:05.806246,1,,,low,
2026-05-13T23:23:10.984584,1,,,low,
2026-05-13T23:23:16.251140,1,,,low,
2026-05-13T23:23:21.427555,1,,,low,
2026-05-13T23:23:26.692585,0,,,low,
2026-05-13T23:23:32.022796,1,,,low,
2026-05-13T23:23:37.344394,1,,,low,
2026-05-13T23:23:42.513483,0,,,low,
2026-05-13T23:23:47.783408,0,,,low,
2026-05-13T23:23:52.965049,1,,,low,
2026-05-13T23:23:58.090320,1,,,low,
2026-05-13T23:24:03.354916,0,,,low,
2026-05-13T23:24:08.592122,0,,,low,
2026-05-13T23:24:14.107751,0,,,low,
2026-05-13T23:24:19.305421,1,,,low,
2026-05-13T23:24:24.620958,1,,,low,
2026-05-13T23:25:02.446216,1,,,low,
2026-05-13T23:25:08.075954,1,,,low,
2026-05-13T23:25:13.707915,1,,,low,
2026-05-13T23:25:18.883426,0,,,low,
2026-05-13T23:25:24.043823,1,,,low,
2026-05-13T23:25:29.580401,0,,,low,
2026-05-13T23:25:34.902001,0,,,low,
2026-05-13T23:26:10.438608,1,,,low,
2026-05-13T23:26:15.967079,1,,,low,
2026-05-13T23:26:21.297401,0,,,low,
2026-05-13T23:26:26.920384,1,,,low,
2026-05-13T23:26:32.143512,0,,,low,
2026-05-13T23:26:37.370099,1,,,low,
2026-05-13T23:26:42.787868,0,,,low,
2026-05-13T23:26:47.978494,0,,,low,
2026-05-13T23:26:53.301077,0,,,low,
2026-05-13T23:26:58.573020,0,,,low,
2026-05-13T23:27:04.100257,1,,,low,
2026-05-13T23:27:09.320693,1,,,low,
2026-05-13T23:27:14.433957,0,,,low,
2026-05-13T23:27:19.515863,0,,,low,
2026-05-13T23:27:25.398044,1,,,low,
2026-05-13T23:27:31.030447,1,,,low,
2026-05-13T23:27:36.360641,1,,,low,
2026-05-13T23:27:41.882721,0,,,low,
2026-05-13T23:27:47.316232,0,,,low,
2026-05-13T23:27:52.396643,0,,,low,
2026-05-13T23:27:57.656466,1,,,low,
2026-05-13T23:28:03.079813,0,,,low,
2026-05-13T23:28:08.719182,1,,,low,
2026-05-13T23:28:14.346913,1,,,low,
2026-05-13T23:28:19.521426,0,,,low,
2026-05-13T23:28:24.648202,1,,,low,
2026-05-13T23:28:29.810132,0,,,low,
2026-05-13T23:28:34.883321,0,,,low,
2026-05-13T23:28:40.154725,1,,,low,
2026-05-13T23:28:45.477191,0,,,low,
2026-05-13T23:28:50.804267,0,,,low,
2026-05-13T23:28:56.435039,1,,,low,
2026-05-13T23:29:01.963379,1,,,low,
2026-05-13T23:29:07.596696,1,,,low,
2026-05-13T23:29:12.785008,1,,,low,
2026-05-13T23:29:18.042767,0,,,low,
2026-05-13T23:29:23.671183,0,,,low,
2026-05-13T23:29:29.204130,0,,,low,
2026-05-13T23:29:34.420443,0,,,low,
2026-05-13T23:29:39.857048,1,,,low,
2026-05-13T23:29:45.075197,1,,,low,
2026-05-13T23:29:50.462131,0,,,low,
2026-05-13T23:29:55.578577,0,,,low,
2026-05-13T23:30:00.696806,1,,,low,
2026-05-13T23:30:05.973901,1,,,low,
2026-05-13T23:30:11.520653,0,,,low,
2026-05-13T23:30:50.511188,1,,,low,
2026-05-13T23:30:55.835322,0,,,low,
2026-05-13T23:31:01.570068,1,,,low,
2026-05-13T23:31:07.309894,0,,,low,
2026-05-13T23:31:13.041412,1,,,low,
2026-05-13T23:31:18.468217,1,,,low,
2026-05-13T23:31:24.099857,0,,,low,
2026-05-13T23:41:27.458622,1,,,low,
2026-05-13T23:41:32.676505,1,,,low,
2026-05-13T23:41:38.320053,1,,,low,
2026-05-13T23:41:43.741650,1,,,low,
2026-05-13T23:41:49.271725,0,,,low,
2026-05-13T23:41:54.347064,0,,,low,
2026-05-13T23:41:59.613494,0,,,low,
2026-05-13T23:42:04.772679,0,,,low,
2026-05-13T23:42:10.263351,1,,,low,
2026-05-13T23:42:15.900105,1,,,low,
2026-05-13T23:42:21.528805,0,,,low,
2026-05-13T23:42:27.260191,0,,,low,
2026-05-13T23:42:32.895595,1,,,low,
2026-05-13T23:42:38.524711,1,,,low,
2026-05-13T23:42:43.859404,1,,,low,
2026-05-13T23:42:49.371787,0,,,low,
2026-05-13T23:42:54.690010,1,,,low,
2026-05-13T23:43:01.034339,1,,,low,
2026-05-13T23:43:06.380289,0,,,low,
2026-05-13T23:43:11.591019,0,,,low,
2026-05-13T23:43:16.828073,1,,,low,
2026-05-13T23:43:22.253504,0,,,low,
2026-05-13T23:43:27.434201,0,,,low,
2026-05-13T23:43:32.588856,1,,,low,
2026-05-14T00:19:27.525257,1,,,low,
2026-05-14T00:19:32.619853,1,,,low,
2026-05-14T00:19:37.691246,1,,,low,
2026-05-14T00:19:42.916784,1,,,low,
2026-05-14T00:19:48.025554,1,,,low,
2026-05-14T00:19:53.113666,1,,,low,
2026-05-14T00:19:58.178953,1,,,low,
2026-05-14T00:20:03.299906,1,,,low,
2026-05-14T00:20:08.370301,1,,,low,
2026-05-14T00:20:13.450617,1,,,low,
2026-05-14T00:20:18.522235,1,,,low,
2026-05-14T00:20:23.596441,1,,,low,
2026-05-14T00:20:28.693022,1,,,low,
2026-05-14T00:20:33.782757,1,,,low,
2026-05-14T00:20:38.871067,1,,,low,
2026-05-14T00:20:43.950670,1,,,low,
2026-05-14T00:20:49.070168,1,,,low,
2026-05-14T00:20:54.201391,1,,,low,
2026-05-14T00:20:59.279304,1,,,low,
2026-05-14T00:21:04.431968,1,,,low,
2026-05-14T00:21:09.552989,1,,,low,
2026-05-14T00:21:14.672153,1,,,low,
2026-05-14T00:21:19.739307,1,,,low,
2026-05-14T00:21:24.810705,1,,,low,
2026-05-14T00:21:29.931921,1,,,low,
2026-05-14T00:21:34.996865,1,,,low,
2026-05-14T00:21:40.171184,1,,,low,
2026-05-14T00:21:45.287813,1,,,low,
2026-05-14T00:21:50.375749,1,,,low,
2026-05-14T00:21:55.533252,1,,,low,
2026-05-14T00:22:00.649302,1,,,low,
2026-05-14T00:22:05.769586,1,,,low,
2026-05-14T00:22:10.888218,1,,,low,
2026-05-14T00:22:16.011845,0,,,low,
2026-05-14T00:22:21.089424,1,,,low,
2026-05-14T00:22:26.263185,1,,,low,
2026-05-14T00:22:31.369267,0,,,low,
2026-05-14T00:22:36.440598,0,,,low,
2026-05-14T00:22:41.613097,0,,,low,
2026-05-14T00:22:46.680699,0,,,low,
2026-05-14T00:22:51.751767,0,,,low,
2026-05-14T00:22:56.812486,0,,,low,
2026-05-14T00:23:01.897209,0,,,low,
2026-05-14T00:23:07.010103,0,,,low,
2026-05-14T00:23:12.129977,0,,,low,
2026-05-14T00:23:17.205174,0,,,low,
2026-05-14T00:23:22.369678,0,,,low,
2026-05-14T00:23:27.436453,0,,,low,
2026-05-14T00:23:32.510209,0,,,low,
2026-05-14T00:23:37.640223,0,,,low,
2026-05-14T00:23:42.862882,0,,,low,
2026-05-14T00:23:47.940551,0,,,low,
2026-05-14T00:23:53.089985,0,,,low,
2026-05-14T00:23:58.210803,0,,,low,
2026-05-14T00:24:03.332348,0,,,low,
2026-05-14T00:24:08.417435,0,,,low,
2026-05-14T00:24:13.574671,0,,,low,
2026-05-14T00:24:18.660900,0,,,low,
2026-05-14T00:24:23.738663,0,,,low,
2026-05-14T00:24:28.828892,0,,,low,
2026-05-14T00:24:33.949597,0,,,low,
2026-05-14T00:24:39.072863,0,,,low,
2026-05-14T00:24:44.190162,0,,,low,
2026-05-14T00:24:49.255427,0,,,low,
2026-05-14T00:24:54.329677,0,,,low,
2026-05-14T00:24:59.448638,0,,,low,
2026-05-14T00:25:04.527838,0,,,low,
2026-05-14T00:25:09.604197,0,,,low,
2026-05-14T00:25:14.968218,0,,,low,
2026-05-14T00:25:20.031047,0,,,low,
2026-05-14T00:25:25.150673,0,,,low,
2026-05-14T00:25:30.273365,0,,,low,
2026-05-14T00:25:35.360263,0,,,low,
2026-05-14T00:25:40.434094,0,,,low,
2026-05-14T00:25:45.530109,0,,,low,
2026-05-14T00:25:50.649477,0,,,low,
2026-05-14T00:25:55.724296,0,,,low,
2026-05-14T00:26:00.796247,0,,,low,
2026-05-14T00:26:05.909432,0,,,low,
2026-05-14T00:26:10.990597,0,,,low,
2026-05-14T00:26:16.147915,0,,,low,
2026-05-14T00:26:21.270059,0,,,low,
2026-05-14T00:26:26.337845,0,,,low,
2026-05-14T00:26:31.509579,0,,,low,
2026-05-14T00:26:36.588319,0,,,low,
2026-05-14T00:26:41.662414,0,,,low,
2026-05-14T00:26:46.767359,0,,,low,
2026-05-14T00:26:51.886626,0,,,low,
2026-05-14T00:26:57.016231,0,,,low,
2026-05-14T00:27:02.126610,0,,,low,
2026-05-14T00:27:07.200088,0,,,low,
2026-05-14T00:27:12.276986,0,,,low,
2026-05-14T00:27:17.356900,0,,,low,
2026-05-14T00:27:22.433168,0,,,low,
2026-05-14T00:27:27.529327,0,,,low,
2026-05-14T00:27:32.643283,0,,,low,
2026-05-14T00:27:37.720581,0,,,low,
2026-05-14T00:27:42.797478,0,,,low,
2026-05-14T00:27:47.871629,0,,,low,
2026-05-14T00:27:53.021570,0,,,low,
2026-05-14T00:27:58.091333,0,,,low,
2026-05-14T00:28:03.177592,0,,,low,
2026-05-14T00:28:08.248302,0,,,low,
2026-05-14T00:28:13.400369,0,,,low,
2026-05-14T00:28:18.522065,0,,,low,
2026-05-14T00:28:23.600384,0,,,low,
2026-05-14T00:28:28.771331,0,,,low,
2026-05-14T00:28:33.848226,0,,,low,
2026-05-14T00:28:38.916655,0,,,low,
2026-05-14T00:28:43.986329,0,,,low,
2026-05-14T00:28:49.138277,0,,,low,
2026-05-14T00:28:54.260321,0,,,low,
2026-05-14T00:28:59.386902,0,,,low,
2026-05-14T00:29:04.460565,0,,,low,
2026-05-14T00:29:09.528183,0,,,low,
2026-05-14T00:29:14.600898,0,,,low,
2026-05-14T00:29:19.719929,0,,,low,
2026-05-14T00:29:24.819163,0,,,low,
2026-05-14T00:29:29.896841,0,,,low,
2026-05-14T00:29:35.016644,0,,,low,
2026-05-14T00:29:40.094510,0,,,low,
2026-05-14T00:29:45.169764,0,,,low,
2026-05-14T00:29:50.242338,0,,,low,
2026-05-14T00:29:55.321469,0,,,low,
2026-05-14T00:30:00.400408,0,,,low,
2026-05-14T00:30:05.472864,0,,,low,
2026-05-14T00:30:10.533195,0,,,low,
2026-05-14T00:30:15.608162,0,,,low,
2026-05-14T00:30:20.676395,0,,,low,
2026-05-14T00:30:25.818085,0,,,low,
2026-05-14T00:30:30.890095,0,,,low,
2026-05-14T00:30:35.962196,0,,,low,
2026-05-14T00:30:41.034790,0,,,low,
2026-05-14T00:30:46.116732,0,,,low,
2026-05-14T00:30:51.202975,0,,,low,
2026-05-14T00:30:56.324816,0,,,low,
2026-05-14T00:31:01.444266,0,,,low,
2026-05-14T00:31:06.565895,0,,,low,
2026-05-14T00:31:11.651661,0,,,low,
2026-05-14T00:31:16.806572,0,,,low,
2026-05-14T00:31:21.887777,0,,,low,
2026-05-14T00:31:26.959576,0,,,low,
2026-05-14T00:31:32.317597,0,,,low,
2026-05-14T00:31:37.489614,0,,,low,
2026-05-14T00:31:42.611726,0,,,low,
2026-05-14T00:31:47.731733,0,,,low,
2026-05-14T00:31:52.807483,0,,,low,
2026-05-14T00:31:57.884512,0,,,low,
2026-05-14T00:32:02.988700,0,,,low,
2026-05-14T00:32:08.054236,0,,,low,
2026-05-14T00:32:13.235795,0,,,low,
2026-05-14T00:32:18.349697,0,,,low,
2026-05-14T00:32:23.426288,0,,,low,
2026-05-14T00:32:28.502700,0,,,low,
2026-05-14T00:32:33.608555,0,,,low,
2026-05-14T00:32:38.688068,0,,,low,
2026-05-14T00:32:43.857941,0,,,low,
2026-05-14T00:32:48.968561,0,,,low,
2026-05-14T00:32:54.087851,0,,,low,
2026-05-14T00:32:59.169028,0,,,low,
2026-05-14T00:33:04.240309,0,,,low,
2026-05-14T00:33:09.347900,0,,,low,
2026-05-14T00:33:14.464823,0,,,low,
2026-05-14T00:33:19.586528,0,,,low,
2026-05-14T00:33:24.705806,0,,,low,
2026-05-14T00:33:29.770002,0,,,low,
2026-05-14T00:33:34.955466,0,,,low,
2026-05-14T00:33:40.026643,0,,,low,
2026-05-14T00:33:45.802328,0,,,low,
2026-05-14T00:33:50.902866,0,,,low,
2026-05-14T00:33:55.970354,0,,,low,
2026-05-14T00:34:01.058104,0,,,low,
2026-05-14T00:34:06.180337,0,,,low,
2026-05-14T00:34:11.298872,0,,,low,
2026-05-14T00:34:16.419497,0,,,low,
2026-05-14T00:34:21.482973,0,,,low,
2026-05-14T00:34:26.550691,0,,,low,
2026-05-14T00:34:31.677021,0,,,low,
2026-05-14T00:34:36.739689,0,,,low,
2026-05-14T00:34:41.919321,0,,,low,
2026-05-14T00:34:47.040510,0,,,low,
2026-05-14T00:34:52.208591,0,,,low,
2026-05-14T00:34:57.286516,0,,,low,
2026-05-14T00:35:02.372783,0,,,low,
2026-05-14T00:35:07.886037,0,,,low,
2026-05-14T00:35:12.962180,0,,,low,
2026-05-14T00:35:18.066526,0,,,low,
2026-05-14T00:35:23.145597,0,,,low,
2026-05-14T00:35:28.227973,0,,,low,
2026-05-14T00:35:33.336248,0,,,low,
2026-05-14T00:35:38.546412,0,,,low,
2026-05-14T00:35:43.667084,0,,,low,
2026-05-14T00:35:48.748649,0,,,low,
2026-05-14T00:35:53.823327,0,,,low,
2026-05-14T00:35:58.886987,0,,,low,
2026-05-14T00:36:03.958040,0,,,low,
2026-05-14T00:36:09.062593,0,,,low,
2026-05-14T00:36:14.128896,0,,,low,
2026-05-14T00:36:19.200006,0,,,low,
2026-05-14T00:36:24.271690,0,,,low,
2026-05-14T00:36:29.442911,0,,,low,
2026-05-14T00:36:34.560456,0,,,low,
2026-05-14T00:36:39.697173,0,,,low,
2026-05-14T00:36:44.804559,0,,,low,
2026-05-14T00:36:49.921949,0,,,low,
2026-05-14T00:36:55.041827,0,,,low,
2026-05-14T00:37:00.122947,0,,,low,
2026-05-14T00:37:05.196465,0,,,low,
2026-05-14T00:37:10.299612,0,,,low,
2026-05-14T00:37:15.381160,0,,,low,
2026-05-14T00:37:20.460289,0,,,low,
2026-05-14T00:37:25.537690,0,,,low,
2026-05-14T00:37:30.601755,0,,,low,
2026-05-14T00:37:35.669334,0,,,low,
2026-05-14T00:37:40.748232,0,,,low,
2026-05-14T00:37:45.811975,0,,,low,
2026-05-14T00:37:50.880604,0,,,low,
2026-05-14T00:37:55.949103,0,,,low,
2026-05-14T00:38:01.027020,0,,,low,
2026-05-14T00:38:06.098585,0,,,low,
2026-05-14T00:38:11.162650,0,,,low,
2026-05-14T00:38:16.236936,0,,,low,
2026-05-14T00:38:21.313336,0,,,low,
2026-05-14T00:38:26.491108,0,,,low,
2026-05-14T00:38:31.556937,0,,,low,
2026-05-14T00:38:36.619241,0,,,low,
2026-05-14T00:38:41.699742,0,,,low,
2026-05-14T00:38:46.795857,0,,,low,
2026-05-14T00:38:51.883273,0,,,low,
2026-05-14T00:38:57.005994,0,,,low,
2026-05-14T00:39:02.077937,0,,,low,
2026-05-14T00:39:07.244572,0,,,low,
2026-05-14T00:39:12.311548,0,,,low,
2026-05-14T00:39:17.396604,0,,,low,
2026-05-14T00:39:22.509296,0,,,low,
2026-05-14T00:39:27.582250,0,,,low,
2026-05-14T00:39:31.458249,0,,,low,
2026-05-14T00:39:36.649166,0,,,low,
2026-05-14T00:39:41.780469,0,,,low,
2026-05-14T00:39:46.851089,0,,,low,
2026-05-14T00:39:51.954524,0,,,low,
2026-05-14T00:39:57.128556,0,,,low,
2026-05-14T00:40:02.204938,0,,,low,
2026-05-14T00:40:07.283417,0,,,low,
2026-05-14T00:40:12.360482,0,,,low,
2026-05-14T00:40:17.444728,0,,,low,
2026-05-14T00:40:22.510407,0,,,low,
2026-05-14T00:40:27.604259,0,,,low,
2026-05-14T00:40:32.680600,0,,,low,
2026-05-14T00:40:37.747507,0,,,low,
2026-05-14T00:40:42.905539,0,,,low,
2026-05-14T00:40:48.023364,0,,,low,
2026-05-14T00:40:53.096043,0,,,low,
2026-05-14T00:40:58.469406,0,,,low,
2026-05-14T00:41:03.692321,0,,,low,
2026-05-14T00:41:08.811574,0,,,low,
2026-05-14T00:41:13.932504,0,,,low,
2026-05-14T00:41:19.033388,0,,,low,
2026-05-14T00:41:24.098294,0,,,low,
2026-05-14T00:41:29.163146,0,,,low,
2026-05-14T00:41:34.230887,0,,,low,
2026-05-14T00:41:39.328917,0,,,low,
2026-05-14T00:41:44.412956,0,,,low,
2026-05-14T00:41:49.569552,0,,,low,
2026-05-14T00:41:54.644346,0,,,low,
2026-05-14T00:41:59.720784,0,,,low,
2026-05-14T00:42:04.789876,0,,,low,
2026-05-14T00:42:09.947318,0,,,low,
2026-05-14T00:42:15.068726,0,,,low,
2026-05-14T00:42:20.187872,0,,,low,
2026-05-14T00:42:25.264827,0,,,low,
2026-05-14T00:42:30.335664,0,,,low,
2026-05-14T00:42:35.408147,0,,,low,
2026-05-14T00:42:40.482895,0,,,low,
2026-05-14T00:42:45.581217,0,,,low,
2026-05-14T00:42:50.646929,0,,,low,
2026-05-14T03:30:51.748584,False,0,0,low,
2026-05-14T03:30:53.781764,False,0,0,low,
2026-05-14T03:30:55.805756,False,0,0,low,
2026-05-14T03:30:57.825054,False,0,0,low,
2026-05-14T03:30:59.839106,False,0,0,low,
2026-05-14T03:31:01.843275,False,0,0,low,
2026-05-14T03:31:03.861387,False,0,0,low,
2026-05-14T03:31:05.867637,False,0,0,low,
2026-05-14T03:31:07.894311,False,0,0,low,
2026-05-14T03:31:09.899768,False,0,0,low,
2026-05-14T03:31:11.905875,False,0,0,low,
2026-05-14T03:31:13.923952,False,0,0,low,
2026-05-14T03:31:15.930532,False,0,0,low,
2026-05-14T03:31:17.955020,False,0,0,low,
2026-05-14T03:31:19.960734,False,0,0,low,
2026-05-14T03:31:21.983463,False,0,0,low,
2026-05-14T03:31:23.988121,False,0,0,low,
2026-05-14T03:31:25.993863,False,0,0,low,
2026-05-14T03:31:28.016091,False,0,0,low,
2026-05-14T03:31:30.021707,False,0,0,low,
2026-05-14T03:31:32.027595,False,0,0,low,
2026-05-14T03:31:34.033516,False,0,0,low,
2026-05-14T03:31:36.060245,False,0,0,low,
2026-05-14T03:31:38.066536,False,0,0,low,
2026-05-14T03:31:40.097200,False,0,0,low,
2026-05-14T03:31:42.101938,False,0,0,low,
2026-05-14T03:31:44.107153,False,0,0,low,
2026-05-14T03:31:46.112908,False,0,0,low,
2026-05-14T03:31:48.118166,False,0,0,low,
2026-05-14T03:31:50.123955,False,0,0,low,
2026-05-14T03:31:52.128952,False,0,0,low,
2026-05-14T03:31:54.133674,False,0,0,low,
2026-05-14T03:31:56.148715,False,0,0,low,
2026-05-14T03:31:58.154783,False,0,0,low,
2026-05-14T03:32:00.176351,False,0,0,low,
2026-05-14T03:32:02.182397,False,0,0,low,
2026-05-14T03:32:04.188344,False,0,0,low,
2026-05-14T03:32:06.215911,False,0,0,low,
2026-05-14T03:32:08.221076,False,0,0,low,
2026-05-14T03:32:10.227372,False,0,0,low,
2026-05-14T03:32:12.240926,False,0,0,low,
2026-05-14T03:32:14.246928,False,0,0,low,
2026-05-14T03:32:16.275465,False,0,0,low,
2026-05-14T03:32:18.305386,False,0,0,low,
2026-05-14T03:32:20.319533,False,0,0,low,
2026-05-14T03:32:22.325483,False,0,0,low,
2026-05-14T03:32:24.331165,False,0,0,low,
2026-05-14T03:32:26.358724,False,0,0,low,
2026-05-14T03:32:28.380924,False,0,0,low,
2026-05-14T03:32:30.386413,False,0,0,low,
2026-05-14T03:32:32.392222,False,0,0,low,
2026-05-14T03:32:34.409015,False,0,0,low,
2026-05-14T03:32:36.435754,False,0,0,low,
2026-05-14T03:32:38.453760,False,0,0,low,
2026-05-14T03:32:40.479625,False,0,0,low,
2026-05-14T03:32:42.499481,False,0,0,low,
2026-05-14T03:32:44.515795,False,0,0,low,
2026-05-14T03:32:46.532162,False,0,0,low,
2026-05-14T03:32:48.537111,False,0,0,low,
2026-05-14T03:32:50.541984,False,0,0,low,
2026-05-14T03:32:52.547742,False,0,0,low,
2026-05-14T03:32:54.567023,False,0,0,low,
2026-05-14T03:32:56.586982,False,0,0,low,
2026-05-14T03:32:58.592975,False,0,0,low,
2026-05-14T03:33:00.598593,False,0,0,low,
2026-05-14T03:33:02.620817,False,0,0,low,
2026-05-14T03:33:04.643552,False,0,0,low,
2026-05-14T03:33:06.670194,False,0,0,low,
2026-05-14T03:33:08.689694,False,0,0,low,
2026-05-14T03:33:10.694313,False,0,0,low,
2026-05-14T03:33:12.700076,False,0,0,low,
2026-05-14T03:33:14.727932,False,0,0,low,
2026-05-14T03:33:16.734395,False,0,0,low,
2026-05-14T03:33:18.740330,False,0,0,low,
2026-05-14T03:33:20.762762,False,0,0,low,
2026-05-14T03:33:22.768287,False,0,0,low,
2026-05-14T03:33:24.786797,False,0,0,low,
2026-05-14T03:33:26.792135,False,0,0,low,
2026-05-14T03:33:28.798096,False,0,0,low,
2026-05-14T03:33:30.803550,False,0,0,low,
2026-05-14T03:33:32.809249,False,0,0,low,
2026-05-14T03:33:34.813554,False,0,0,low,
2026-05-14T03:33:36.820249,False,0,0,low,
2026-05-14T03:33:38.825733,False,0,0,low,
2026-05-14T03:33:40.841337,False,0,0,low,
2026-05-14T03:33:42.862844,False,0,0,low,
2026-05-14T03:33:44.868433,False,0,0,low,
2026-05-14T03:33:46.892561,False,0,0,low,
2026-05-14T03:33:48.899220,False,0,0,low,
2026-05-14T03:33:50.904111,False,0,0,low,
2026-05-14T03:33:52.908809,False,0,0,low,
2026-05-14T03:33:54.913251,False,0,0,low,
2026-05-14T03:33:56.934929,False,0,0,low,
2026-05-14T03:33:58.958554,False,0,0,low,
2026-05-14T03:34:00.984649,False,0,0,low,
2026-05-14T03:34:03.004959,False,0,0,low,
2026-05-14T03:34:05.031143,False,0,0,low,
2026-05-14T03:43:19.708390,True,19,0,low,
2026-05-14T03:43:21.736442,True,21,0,low,
2026-05-14T03:43:23.765180,True,24,0,low,
2026-05-14T03:43:25.780200,True,33,0,low,
2026-05-14T03:43:27.785619,True,36,0,low,
2026-05-14T03:43:29.790554,True,20,0,low,
2026-05-14T03:43:31.818410,True,31,0,low,
2026-05-14T03:43:33.824380,True,23,0,low,
2026-05-14T03:43:35.829223,True,26,0,low,
2026-05-14T03:43:37.833893,True,33,0,low,
2026-05-14T03:43:39.858337,True,21,0,low,
2026-05-14T03:43:41.881945,True,35,0,low,
2026-05-14T03:43:43.887097,True,29,0,low,
2026-05-14T03:43:45.892701,True,33,0,low,
2026-05-14T03:43:47.908740,True,26,0,low,
2026-05-14T03:43:49.915051,True,28,0,low,
2026-05-14T03:43:51.940468,True,24,0,low,
2026-05-14T03:43:53.962821,True,25,0,low,
2026-05-14T03:43:55.968500,True,24,0,low,
2026-05-14T03:43:57.997853,True,24,0,low,
2026-05-14T03:44:00.003188,True,17,0,low,
2026-05-14T03:44:02.021669,True,22,0,low,
2026-05-14T03:44:04.038804,True,37,0,low,
2026-05-14T03:44:06.044588,True,23,0,low,
2026-05-14T03:44:08.074352,True,16,0,low,
2026-05-14T03:44:10.098119,True,26,0,low,
2026-05-14T03:44:12.104481,True,30,0,low,
2026-05-14T03:44:14.126120,True,29,0,low,
2026-05-14T03:44:16.152249,True,24,0,low,
2026-05-14T03:44:18.156645,True,23,0,low,
2026-05-14T03:44:20.163109,True,25,0,low,
2026-05-14T03:44:22.192278,True,25,0,low,
2026-05-14T03:44:24.219961,True,20,0,low,
2026-05-14T03:44:26.226172,True,15,0,low,
2026-05-14T03:44:28.256456,False,17,0,low,
2026-05-14T03:44:30.273131,True,25,0,low,
2026-05-14T03:44:32.280522,True,27,0,low,
2026-05-14T03:44:34.285027,True,37,0,low,
2026-05-14T03:44:36.308714,True,37,0,low,
2026-05-14T03:44:38.336310,True,32,0,low,
2026-05-14T03:44:40.351350,True,25,0,low,
2026-05-14T03:44:42.374971,True,33,0,low,
2026-05-14T03:44:44.403745,True,17,0,low,
2026-05-14T03:44:46.425896,True,29,0,low,
2026-05-14T03:44:48.440726,True,30,0,low,
2026-05-14T03:44:50.456706,True,23,0,low,
2026-05-14T03:44:52.482711,True,25,0,low,
2026-05-14T03:44:54.487947,True,22,0,low,
2026-05-14T03:44:56.493612,True,26,0,low,
2026-05-14T03:44:58.498525,True,32,0,low,
2026-05-14T03:45:00.505796,True,22,0,low,
2026-05-14T03:45:02.511513,True,21,0,low,
2026-05-14T03:45:04.532933,True,17,0,low,
2026-05-14T03:45:06.562229,True,20,0,low,
2026-05-14T03:45:08.585583,True,25,0,low,
2026-05-14T03:45:10.603977,True,23,0,low,
2026-05-14T03:45:12.633975,True,17,0,low,
2026-05-14T03:45:14.639252,True,14,0,low,
2026-05-14T03:45:16.644367,False,26,0,low,
2026-05-14T03:45:18.671516,True,21,0,low,
2026-05-14T03:45:20.677803,True,25,0,low,
2026-05-14T03:45:22.703500,True,40,0,low,
2026-05-14T03:45:24.731653,True,36,0,low,
2026-05-14T03:45:26.737098,True,26,0,low,
2026-05-14T03:45:28.756101,True,26,0,low,
2026-05-14T03:45:30.784183,True,23,0,low,
2026-05-14T03:45:32.804628,True,30,0,low,
2026-05-14T03:45:34.809512,True,28,0,low,
2026-05-14T03:45:36.830991,True,25,0,low,
2026-05-14T03:45:38.836245,True,25,0,low,
2026-05-14T03:45:40.855711,True,22,0,low,
2026-05-14T03:45:42.861311,True,25,0,low,
2026-05-14T03:45:44.866750,True,37,0,low,
2026-05-14T03:45:46.890496,True,26,0,low,
2026-05-14T03:45:48.919880,True,30,0,low,
2026-05-14T03:45:50.941708,True,27,0,low,
2026-05-14T03:45:52.947437,True,36,0,low,
2026-05-14T03:45:54.965116,True,17,0,low,
2026-05-14T03:45:56.987127,True,28,0,low,
2026-05-14T03:45:58.992873,True,38,0,low,
2026-05-14T03:46:01.013665,True,39,0,low,
2026-05-14T03:46:03.040757,True,34,0,low,
2026-05-14T03:46:05.060633,True,21,0,low,
2026-05-14T03:46:07.066659,True,18,0,low,
2026-05-14T03:46:09.071342,True,21,0,low,
2026-05-14T03:46:11.077013,True,16,0,low,
2026-05-14T03:46:13.101075,True,19,0,low,
2026-05-14T03:46:15.107195,True,22,0,low,
2026-05-14T03:46:17.126668,True,28,0,low,
2026-05-14T03:46:19.148261,True,19,0,low,
2026-05-14T03:46:21.171025,True,17,0,low,
2026-05-14T03:46:23.192431,True,22,0,low,
2026-05-14T03:46:25.198984,True,40,0,low,
2026-05-14T03:46:27.225752,True,35,0,low,
2026-05-14T03:46:29.231258,True,36,0,low,
2026-05-14T03:46:31.235854,True,35,0,low,
2026-05-14T03:46:33.241688,True,30,0,low,
2026-05-14T03:46:35.247445,True,24,0,low,
2026-05-14T03:46:37.252408,True,24,0,low,
2026-05-14T03:46:39.279686,True,25,0,low,
2026-05-14T03:46:41.304006,True,36,0,low,
2026-05-14T03:46:43.332395,True,27,0,low,
2026-05-14T03:46:45.349173,True,17,0,low,
2026-05-14T03:46:47.374384,True,27,0,low,
2026-05-14T03:46:49.391168,True,24,0,low,
2026-05-14T03:46:51.413831,True,21,0,low,
2026-05-14T03:46:53.434643,True,23,0,low,
2026-05-14T03:46:55.462949,True,28,0,low,
2026-05-14T03:46:57.469400,True,27,0,low,
2026-05-14T03:46:59.474645,True,27,0,low,
2026-05-14T03:47:01.496686,True,27,0,low,
2026-05-14T03:47:03.501686,True,19,0,low,
2026-05-14T03:47:05.507576,True,28,0,low,
2026-05-14T03:47:07.522757,True,35,0,low,
2026-05-14T03:47:09.528339,True,24,0,low,
2026-05-14T03:47:11.554829,True,25,0,low,
2026-05-14T03:47:13.585264,True,22,0,low,
2026-05-14T03:47:15.613498,True,19,0,low,
2026-05-14T03:47:17.619429,True,21,0,low,
2026-05-14T03:47:19.625454,True,34,0,low,
2026-05-14T03:47:21.645916,True,30,0,low,
2026-05-14T03:47:23.651997,True,35,0,low,
2026-05-14T03:47:25.679691,True,34,0,low,
2026-05-14T03:47:27.696582,True,29,0,low,
2026-05-14T03:47:29.724246,True,24,0,low,
2026-05-14T03:47:31.730329,True,36,0,low,
2026-05-14T03:47:33.735840,True,31,0,low,
2026-05-14T03:47:35.741226,True,28,0,low,
2026-05-14T03:47:37.759217,True,29,0,low,
2026-05-14T03:47:39.780223,True,33,0,low,
2026-05-14T03:47:41.785881,True,25,0,low,
2026-05-14T03:47:43.804055,True,23,0,low,
2026-05-14T03:47:45.829690,True,24,0,low,
2026-05-14T03:47:47.834701,True,25,0,low,
2026-05-14T03:47:49.839357,True,16,0,low,
2026-05-14T03:47:51.866635,True,28,0,low,
2026-05-14T03:47:53.893317,True,35,0,low,
2026-05-14T03:47:55.899048,True,39,0,low,
2026-05-14T03:47:57.904187,True,39,0,low,
2026-05-14T03:47:59.909427,True,25,0,low,
2026-05-14T03:48:01.935985,True,25,0,low,
2026-05-14T03:48:03.964749,True,24,0,low,
2026-05-14T03:48:05.969478,True,21,0,low,
2026-05-14T03:48:07.988761,True,24,0,low,
2026-05-14T03:48:10.006562,True,17,0,low,
2026-05-14T03:48:12.012121,True,14,0,low,
2026-05-14T03:48:14.017861,True,24,0,low,
2026-05-14T03:48:16.023179,True,37,0,low,
2026-05-14T03:48:18.028657,True,34,0,low,
2026-05-14T03:48:20.033796,True,26,0,low,
2026-05-14T03:48:22.047860,True,22,0,low,
2026-05-14T03:48:24.053868,True,37,0,low,
2026-05-14T03:48:26.083257,True,40,0,low,
2026-05-14T03:48:28.111424,True,40,0,low,
2026-05-14T03:48:30.129980,True,38,0,low,
2026-05-14T03:48:32.135478,True,26,0,low,
2026-05-14T03:48:34.140198,True,19,0,low,
2026-05-14T03:48:36.164714,True,23,0,low,
2026-05-14T03:48:38.169802,True,34,0,low,
2026-05-14T03:48:40.175755,True,34,0,low,
2026-05-14T03:48:42.180592,True,21,0,low,
2026-05-14T03:48:44.207892,True,24,0,low,
2026-05-14T03:48:46.213559,True,35,0,low,
2026-05-14T03:48:48.237961,True,35,0,low,
2026-05-14T03:48:50.244317,True,25,0,low,
2026-05-14T03:48:52.249973,True,15,0,low,
2026-05-14T03:48:54.255546,True,28,0,low,
2026-05-14T03:48:56.260829,True,24,0,low,
2026-05-14T03:48:58.265132,True,22,0,low,
2026-05-14T03:49:00.271545,True,26,0,low,
2026-05-14T03:49:02.299301,True,27,0,low,
2026-05-14T03:49:04.315970,True,27,0,low,
2026-05-14T03:49:06.343883,True,24,0,low,
2026-05-14T03:49:08.349233,True,24,0,low,
2026-05-14T03:49:10.354416,True,23,0,low,
2026-05-14T03:49:12.383096,True,25,0,low,
2026-05-14T03:49:14.410823,True,35,0,low,
2026-05-14T03:49:16.416916,True,31,0,low,
2026-05-14T03:49:18.444783,True,27,0,low,
2026-05-14T03:49:20.462403,True,16,0,low,
2026-05-14T03:49:22.467270,True,19,0,low,
2026-05-14T03:49:24.484090,True,19,0,low,
2026-05-14T03:49:26.503063,True,16,0,low,
2026-05-14T03:49:28.509208,True,28,0,low,
2026-05-14T03:49:30.514751,True,26,0,low,
2026-05-14T03:49:32.533892,True,22,0,low,
2026-05-14T03:49:34.539944,True,36,0,low,
2026-05-14T03:49:36.546502,True,36,0,low,
2026-05-14T03:49:38.551413,True,14,0,low,
2026-05-14T03:49:40.557017,True,22,0,low,
2026-05-14T03:49:42.572208,True,13,0,low,
2026-05-14T03:49:44.577163,True,36,0,low,
2026-05-14T03:49:46.596845,True,28,0,low,
2026-05-14T03:49:48.601344,True,24,0,low,
2026-05-14T03:49:50.606808,True,20,0,low,
2026-05-14T03:49:52.621011,True,30,0,low,
2026-05-14T03:49:54.627396,True,25,0,low,
2026-05-14T03:49:56.656186,True,22,0,low,
2026-05-14T03:49:58.682517,True,17,0,low,
2026-05-14T03:50:00.688739,True,19,0,low,
2026-05-14T03:50:02.714403,True,15,0,low,
2026-05-14T03:50:04.745174,True,21,0,low,
2026-05-14T03:50:06.750715,True,39,0,low,
2026-05-14T03:50:08.775190,True,37,0,low,
2026-05-14T03:50:10.805340,True,29,0,low,
2026-05-14T03:50:12.811606,True,23,0,low,
2026-05-14T03:50:14.831374,True,22,0,low,
2026-05-14T03:50:16.847126,True,20,0,low,
2026-05-14T03:50:18.853257,True,23,0,low,
2026-05-14T03:50:20.858268,True,23,0,low,
2026-05-14T03:50:22.875777,True,31,0,low,
2026-05-14T03:50:24.881142,True,35,0,low,
2026-05-14T03:50:26.903541,True,37,0,low,
2026-05-14T03:50:28.933399,True,33,0,low,
2026-05-14T03:50:30.937047,False,26,0,low,
2026-05-14T03:50:32.963259,True,27,0,low,
2026-05-14T03:50:34.978914,True,38,0,low,
2026-05-14T03:50:37.002737,True,26,0,low,
2026-05-14T03:50:39.008977,True,24,0,low,
2026-05-14T03:50:41.015398,True,28,0,low,
2026-05-14T03:50:43.043970,True,21,0,low,
2026-05-14T03:50:45.050439,True,16,0,low,
2026-05-14T03:50:47.056040,True,20,0,low,
2026-05-14T03:50:49.083010,True,20,0,low,
2026-05-14T03:50:51.102649,True,16,0,low,
2026-05-14T03:50:53.130143,True,21,0,low,
2026-05-14T03:50:55.136101,True,23,0,low,
2026-05-14T03:50:57.141358,True,27,0,low,
2026-05-14T03:50:59.166564,True,30,0,low,
2026-05-14T03:51:01.188927,True,31,0,low,
2026-05-14T03:51:03.202783,True,24,0,low,
2026-05-14T03:51:05.209154,True,31,0,low,
2026-05-14T03:51:07.236035,True,35,0,low,
2026-05-14T03:51:09.259922,True,39,0,low,
2026-05-14T03:51:11.281799,True,40,0,low,
2026-05-14T03:51:13.312006,True,24,0,low,
2026-05-14T03:51:15.338526,True,30,0,low,
2026-05-14T03:51:17.344940,True,31,0,low,
2026-05-14T03:51:19.369311,True,22,0,low,
2026-05-14T03:51:21.373403,True,15,0,low,
2026-05-14T03:51:23.396293,True,17,0,low,
2026-05-14T03:51:25.422899,True,21,0,low,
2026-05-14T03:51:27.429212,True,37,0,low,
2026-05-14T03:51:29.446240,True,37,0,low,
2026-05-14T03:51:31.451400,True,27,0,low,
2026-05-14T03:51:33.481189,True,34,0,low,
2026-05-14T03:51:35.487940,True,34,0,low,
2026-05-14T03:51:37.514374,True,15,0,low,
2026-05-14T03:51:39.540598,True,25,0,low,
2026-05-14T03:51:41.567036,True,26,0,low,
2026-05-14T03:51:43.572958,True,30,0,low,
2026-05-14T03:51:45.578691,True,26,0,low,
2026-05-14T03:51:47.603140,True,18,0,low,
2026-05-14T03:51:49.620979,True,25,0,low,
2026-05-14T03:51:51.642463,True,18,0,low,
2026-05-14T03:51:53.662378,True,22,0,low,
2026-05-14T03:51:55.684988,True,27,0,low,
2026-05-14T03:51:57.704614,True,25,0,low,
2026-05-14T03:51:59.729055,True,19,0,low,
2026-05-14T03:52:01.733566,True,15,0,low,
2026-05-14T03:52:03.739842,True,17,0,low,
2026-05-14T03:52:05.757018,True,32,0,low,
2026-05-14T03:52:07.782643,True,30,0,low,
2026-05-14T03:52:09.808941,True,21,0,low,
2026-05-14T03:52:11.814122,True,26,0,low,
2026-05-14T03:52:13.818694,True,20,0,low,
2026-05-14T03:52:15.846733,True,21,0,low,
2026-05-14T03:52:17.865048,True,22,0,low,
2026-05-14T03:52:19.894225,True,31,0,low,
2026-05-14T03:52:21.923343,True,36,0,low,
2026-05-14T03:52:23.940561,True,22,0,low,
2026-05-14T03:52:25.946992,True,18,0,low,
2026-05-14T03:52:27.953241,True,18,0,low,
2026-05-14T03:52:29.959438,True,37,0,low,
2026-05-14T03:52:31.976674,True,28,0,low,
2026-05-14T03:52:33.983229,True,22,0,low,
2026-05-14T03:52:36.008958,True,23,0,low,
2026-05-14T03:52:38.014113,True,19,0,low,
2026-05-14T03:52:40.041929,True,26,0,low,
2026-05-14T03:52:42.067446,True,31,0,low,
2026-05-14T03:52:44.090419,True,31,0,low,
2026-05-14T03:52:46.119170,True,28,0,low,
2026-05-14T03:52:48.140518,True,28,0,low,
2026-05-14T03:52:50.164173,True,25,0,low,
2026-05-14T03:52:52.189550,True,16,0,low,
2026-05-14T03:52:54.207914,True,19,0,low,
2026-05-14T03:52:56.235314,True,30,0,low,
2026-05-14T03:52:58.253433,True,25,0,low,
2026-05-14T03:53:00.281174,True,25,0,low,
2026-05-14T03:53:02.314157,True,31,0,low,
2026-05-14T03:53:04.320414,True,30,0,low,
2026-05-14T03:53:06.344928,True,29,0,low,
2026-05-14T03:53:08.365271,True,29,0,low,
2026-05-14T03:53:10.393379,True,17,0,low,
2026-05-14T03:53:12.418560,True,22,0,low,
2026-05-14T03:53:14.437167,True,28,0,low,
2026-05-14T03:53:16.463814,True,37,0,low,
2026-05-14T03:53:18.492053,True,39,0,low,
2026-05-14T03:53:20.508986,True,27,0,low,
2026-05-14T03:53:22.524578,True,20,0,low,
2026-05-14T03:53:24.542758,True,22,0,low,
2026-05-14T03:53:26.566402,True,26,0,low,
2026-05-14T03:53:28.572305,True,30,0,low,
2026-05-14T03:53:30.597155,True,25,0,low,
2026-05-14T03:53:32.616189,True,23,0,low,
2026-05-14T03:53:34.640904,True,23,0,low,
2026-05-14T03:53:36.667671,True,20,0,low,
2026-05-14T03:53:38.688450,True,22,0,low,
2026-05-14T03:53:40.716716,True,28,0,low,
2026-05-14T03:53:42.731643,True,35,0,low,
2026-05-14T03:54:12.335264,True,24,0,low,
2026-05-14T03:54:14.360456,True,24,0,low,
2026-05-14T03:54:16.384297,True,29,0,low,
2026-05-14T03:54:18.390670,True,29,0,low,
2026-05-14T03:54:20.415410,True,19,0,low,
2026-05-14T03:54:22.442173,True,12,0,low,
2026-05-14T03:54:24.462748,True,10,0,low,
2026-05-14T03:54:26.469871,True,24,0,low,
2026-05-14T03:54:28.493587,True,27,0,low,
2026-05-14T03:54:30.523521,True,26,0,low,
2026-05-14T03:54:32.553649,True,22,0,low,
2026-05-14T03:54:34.576422,True,21,0,low,
2026-05-14T03:54:36.595655,True,25,0,low,
2026-05-14T03:54:38.617945,True,20,0,low,
2026-05-14T03:54:40.635036,True,27,0,low,
2026-05-14T03:54:42.664492,True,35,0,low,
2026-05-14T03:54:44.680638,True,24,0,low,
2026-05-14T03:54:46.709411,True,27,0,low,
2026-05-14T03:54:48.731919,True,34,0,low,
2026-05-14T03:54:50.748991,True,34,0,low,
2026-05-14T03:54:52.775102,False,26,0,low,
2026-05-14T03:54:54.796551,True,29,0,low,
2026-05-14T03:54:56.821654,True,40,0,low,
2026-05-14T03:54:58.850023,True,23,0,low,
2026-05-14T03:55:00.872716,True,26,0,low,
2026-05-14T03:55:02.900109,True,24,0,low,
2026-05-14T03:55:04.905552,True,28,0,low,
2026-05-14T03:55:06.930823,True,27,0,low,
2026-05-14T03:55:08.947497,True,23,0,low,
2026-05-14T03:55:10.970714,True,33,0,low,
2026-05-14T03:55:12.993934,True,36,0,low,
2026-05-14T03:55:15.014414,True,25,0,low,
2026-05-14T03:55:17.020848,True,22,0,low,
2026-05-14T03:55:19.044978,True,26,0,low,
2026-05-14T03:55:21.059748,True,37,0,low,
2026-05-14T03:55:23.087887,True,30,0,low,
2026-05-14T03:55:25.112705,True,23,0,low,
2026-05-14T03:55:27.136132,True,21,0,low,
2026-05-14T03:55:29.154845,True,16,0,low,
2026-05-14T03:55:31.179370,True,25,0,low,
2026-05-14T03:55:33.201708,True,25,0,low,
2026-05-14T03:55:35.223910,True,30,0,low,
2026-05-14T03:55:37.247060,True,21,0,low,
2026-05-14T03:55:39.264978,True,24,0,low,
2026-05-14T03:55:41.281626,True,22,0,low,
2026-05-14T03:55:43.299754,True,31,0,low,
2026-05-14T03:55:45.322295,True,39,0,low,
2026-05-14T03:55:47.341165,True,28,0,low,
2026-05-14T03:55:49.347140,True,35,0,low,
2026-05-14T03:55:51.373817,True,29,0,low,
2026-05-14T03:55:53.399956,True,16,0,low,
2026-05-14T03:55:55.425237,True,24,0,low,
2026-05-14T03:55:57.456468,True,16,0,low,
2026-05-14T03:55:59.482436,True,20,0,low,
2026-05-14T03:56:01.507974,True,18,0,low,
2026-05-14T03:56:03.526837,True,27,0,low,
2026-05-14T03:56:05.545654,True,30,0,low,
2026-05-14T03:56:07.567054,True,24,0,low,
2026-05-14T03:56:09.595885,True,21,0,low,
2026-05-14T03:56:11.619084,True,26,0,low,
2026-05-14T03:56:13.646577,True,25,0,low,
2026-05-14T03:56:15.675565,True,27,0,low,
2026-05-14T03:56:17.681466,True,22,0,low,
2026-05-14T03:56:19.709595,True,21,0,low,
2026-05-14T03:56:21.727439,True,39,0,low,
2026-05-14T03:56:23.733457,True,30,0,low,
2026-05-14T03:56:25.762025,True,21,0,low,
2026-05-14T03:56:27.768203,True,31,0,low,
2026-05-14T03:56:29.785396,True,24,0,low,
2026-05-14T03:56:31.807684,True,21,0,low,
2026-05-14T03:56:33.833890,True,32,0,low,
2026-05-14T03:56:35.848281,True,28,0,low,
2026-05-14T03:56:37.866352,True,36,0,low,
2026-05-14T03:56:39.890605,True,37,0,low,
2026-05-14T03:56:41.912659,True,25,0,low,
2026-05-14T03:56:43.935496,True,27,0,low,
2026-05-14T03:56:45.950031,True,25,0,low,
2026-05-14T03:56:47.967894,True,23,0,low,
2026-05-14T03:57:32.140274,True,26,0,low,
2026-05-14T03:57:34.163869,True,30,0,low,
2026-05-14T03:57:36.192590,True,33,0,low,
2026-05-14T03:57:38.220555,True,24,0,low,
2026-05-14T03:57:40.249458,True,31,0,low,
2026-05-14T03:57:42.272108,True,25,0,low,
2026-05-14T03:57:44.302607,True,22,0,low,
2026-05-14T03:57:46.331987,True,30,0,low,
2026-05-14T03:57:48.338576,True,26,0,low,
2026-05-14T03:57:50.359825,True,24,0,low,
2026-05-14T03:57:52.386367,True,19,0,low,
2026-05-14T03:57:54.415701,True,20,0,low,
2026-05-14T03:57:56.435898,True,22,0,low,
2026-05-14T03:57:58.464139,True,22,0,low,
2026-05-14T03:58:00.489810,True,25,0,low,
2026-05-14T03:58:02.505974,True,26,0,low,
2026-05-14T03:58:04.535078,True,23,0,low,
2026-05-14T03:58:06.553812,True,22,0,low,
2026-05-14T03:58:08.582453,True,28,0,low,
2026-05-14T03:58:10.600664,True,23,0,low,
2026-05-14T03:58:12.617704,True,24,0,low,
2026-05-14T03:58:14.636565,True,26,0,low,
2026-05-14T03:58:16.657187,True,29,0,low,
2026-05-14T03:58:18.682364,True,17,0,low,
2026-05-14T03:58:20.711865,True,22,0,low,
2026-05-14T03:58:22.717609,True,19,0,low,
2026-05-14T03:58:24.735460,True,17,0,low,
2026-05-14T03:58:26.764766,True,26,0,low,
2026-05-14T03:58:28.789910,True,18,0,low,
2026-05-14T03:58:30.816058,True,30,0,low,
2026-05-14T03:58:32.831718,True,23,0,low,
2026-05-14T03:58:34.853957,True,19,0,low,
2026-05-14T03:58:36.878515,True,27,0,low,
2026-05-14T03:58:38.905965,True,29,0,low,
2026-05-14T03:58:40.925367,True,24,0,low,
2026-05-14T03:58:42.931273,True,25,0,low,
2026-05-14T03:58:44.961321,True,26,0,low,
2026-05-14T03:58:46.989996,True,26,0,low,
2026-05-14T03:58:48.998309,True,22,0,low,
2026-05-14T03:58:51.016672,True,21,0,low,
2026-05-14T03:58:53.025092,True,23,0,low,
2026-05-14T03:58:55.051964,True,14,0,low,
2026-05-14T03:58:57.081271,True,27,0,low,
2026-05-14T03:58:59.097736,True,26,0,low,
2026-05-14T03:59:01.117274,True,17,0,low,
2026-05-14T03:59:03.134128,True,27,0,low,
2026-05-14T03:59:05.151777,True,21,0,low,
2026-05-14T03:59:07.157645,True,13,0,low,
2026-05-14T03:59:09.183993,True,30,0,low,
2026-05-14T03:59:11.198821,True,30,0,low,
2026-05-14T03:59:13.216848,True,19,0,low,
2026-05-14T03:59:15.233445,True,27,0,low,
2026-05-14T03:59:17.263884,True,25,0,low,
2026-05-14T03:59:19.269405,True,28,0,low,
2026-05-14T03:59:21.296059,True,39,0,low,
2026-05-14T03:59:23.313512,True,34,0,low,
2026-05-14T03:59:25.334926,True,28,0,low,
2026-05-14T03:59:27.351732,True,16,0,low,
2026-05-14T03:59:29.381155,True,26,0,low,
2026-05-14T03:59:31.407563,True,22,0,low,
2026-05-14T03:59:33.427011,True,24,0,low,
2026-05-14T03:59:35.449931,True,25,0,low,
2026-05-14T03:59:37.455992,True,19,0,low,
2026-05-14T03:59:39.476446,True,21,0,low,
2026-05-14T03:59:41.482760,True,32,0,low,
2026-05-14T03:59:43.512229,False,32,0,low,
2026-05-14T03:59:45.518756,True,23,0,low,
2026-05-14T03:59:47.536224,True,25,0,low,
2026-05-14T03:59:49.567849,True,26,0,low,
2026-05-14T03:59:51.587518,True,22,0,low,
2026-05-14T03:59:53.605951,True,18,0,low,
2026-05-14T03:59:55.632906,True,18,0,low,
2026-05-14T03:59:57.653155,True,23,0,low,
2026-05-14T03:59:59.677512,True,23,0,low,
2026-05-14T04:00:01.704838,True,22,0,low,
2026-05-14T04:00:03.711518,True,32,0,low,
2026-05-14T04:00:05.728629,True,33,0,low,
2026-05-14T04:00:07.756108,True,28,0,low,
2026-05-14T04:00:09.782100,True,33,0,low,
2026-05-14T04:00:11.798282,True,32,0,low,
2026-05-14T04:00:13.826057,True,21,0,low,
2026-05-14T04:00:15.852276,True,25,0,low,
2026-05-14T04:00:17.870868,True,30,0,low,
2026-05-14T04:00:19.898851,True,27,0,low,
2026-05-14T04:00:21.926406,True,21,0,low,
2026-05-14T04:00:23.949108,True,27,0,low,
2026-05-14T04:00:25.979120,True,29,0,low,
2026-05-14T04:00:28.000309,True,34,0,low,
2026-05-14T04:00:30.028378,True,39,0,low,
2026-05-14T04:00:32.045654,True,35,0,low,
2026-05-14T04:00:34.060517,True,21,0,low,
2026-05-14T04:00:36.091299,True,15,0,low,
2026-05-14T04:00:38.117699,True,20,0,low,
2026-05-14T04:00:40.138344,True,23,0,low,
2026-05-14T04:00:42.161984,True,22,0,low,
2026-05-14T04:00:44.186960,True,24,0,low,
2026-05-14T04:00:46.193611,True,22,0,low,
2026-05-14T04:00:48.198384,True,17,0,low,
2026-05-14T04:00:50.224101,True,25,0,low,
2026-05-14T04:00:52.254284,True,29,0,low,
2026-05-14T04:00:54.284345,True,25,0,low,
2026-05-14T04:00:56.290218,True,25,0,low,
2026-05-14T04:00:58.314365,True,18,0,low,
2026-05-14T04:01:00.338660,True,26,0,low,
2026-05-14T04:01:02.355136,True,25,0,low,
2026-05-14T04:01:04.381717,True,30,0,low,
2026-05-14T04:01:06.387232,True,18,0,low,
2026-05-14T04:01:08.403196,True,27,0,low,
2026-05-14T04:01:10.423893,True,29,0,low,
2026-05-14T04:01:12.452004,True,16,0,low,
2026-05-14T04:01:14.475775,True,22,0,low,
2026-05-14T04:01:16.504788,True,19,0,low,
2026-05-14T04:01:18.521969,True,23,0,low,
2026-05-14T04:01:20.540774,True,18,0,low,
2026-05-14T04:01:22.564041,True,30,0,low,
2026-05-14T04:01:24.595180,True,23,0,low,
2026-05-14T04:01:26.614275,True,18,0,low,
2026-05-14T04:01:28.644746,True,20,0,low,
2026-05-14T04:01:30.674989,True,31,0,low,
2026-05-14T04:01:32.694486,True,32,0,low,
2026-05-14T04:01:34.716520,True,22,0,low,
2026-05-14T04:01:36.740140,True,20,0,low,
2026-05-14T04:01:38.745574,True,22,0,low,
2026-05-14T04:01:40.763296,True,23,0,low,
2026-05-14T04:01:42.793067,True,18,0,low,
2026-05-14T04:01:44.797433,True,29,0,low,
2026-05-14T04:01:46.824809,True,26,0,low,
2026-05-14T04:01:48.855017,True,23,0,low,
2026-05-14T04:01:50.885438,True,23,0,low,
2026-05-14T04:01:52.901722,True,22,0,low,
2026-05-14T04:01:54.919119,True,21,0,low,
2026-05-14T04:01:56.944739,True,24,0,low,
2026-05-14T04:01:58.971943,True,25,0,low,
2026-05-14T04:02:00.989610,True,23,0,low,
2026-05-14T04:02:03.007554,True,16,0,low,
2026-05-14T04:02:05.024638,True,25,0,low,
2026-05-14T04:02:07.051848,True,27,0,low,
2026-05-14T04:02:09.069034,True,24,0,low,
2026-05-14T04:02:11.084646,True,18,0,low,
2026-05-14T04:02:13.109258,True,30,0,low,
2026-05-14T04:02:15.129913,True,38,0,low,
2026-05-14T04:02:17.146083,True,40,0,low,
2026-05-14T04:02:19.169192,True,35,0,low,
2026-05-14T04:02:21.187958,True,34,0,low,
2026-05-14T04:02:23.214634,True,35,0,low,
2026-05-14T04:02:25.232453,True,24,0,low,
2026-05-14T04:02:27.247919,True,22,0,low,
2026-05-14T04:02:29.277517,True,26,0,low,
2026-05-14T04:02:31.297755,True,28,0,low,
2026-05-14T04:02:33.315501,True,20,0,low,
2026-05-14T04:02:35.342986,True,16,0,low,
2026-05-14T04:02:37.366355,True,20,0,low,
2026-05-14T04:02:39.384979,True,20,0,low,
2026-05-14T04:02:41.411862,True,20,0,low,
2026-05-14T04:02:43.442041,True,19,0,low,
2026-05-14T04:02:45.457752,True,21,0,low,
2026-05-14T04:02:47.481913,True,28,0,low,
2026-05-14T04:02:49.500674,True,33,0,low,
2026-05-14T04:02:51.518663,True,20,0,low,
2026-05-14T04:02:53.541006,True,14,0,low,
2026-05-14T04:02:55.562940,True,21,0,low,
2026-05-14T04:02:57.590879,True,30,0,low,
2026-05-14T04:02:59.610449,True,27,0,low,
2026-05-14T04:03:01.627793,True,16,0,low,
2026-05-14T04:03:03.645535,True,30,0,low,
2026-05-14T04:03:05.667103,True,32,0,low,
2026-05-14T04:03:07.686572,True,17,0,low,
2026-05-14T04:03:09.709377,True,22,0,low,
2026-05-14T04:03:11.729587,True,27,0,low,
2026-05-14T04:03:13.745751,True,17,0,low,
2026-05-14T04:03:15.776457,True,26,0,low,
2026-05-14T04:03:17.804075,True,40,0,low,
2026-05-14T04:03:19.833769,True,36,0,low,
2026-05-14T04:03:21.841212,True,22,0,low,
2026-05-14T04:03:23.861092,True,16,0,low,
2026-05-14T04:03:25.879277,True,16,0,low,
2026-05-14T04:03:27.884948,True,30,0,low,
2026-05-14T04:03:29.892455,True,22,0,low,
2026-05-14T04:03:31.921307,True,29,0,low,
2026-05-14T04:03:33.943071,True,21,0,low,
2026-05-14T04:03:35.960020,True,25,0,low,
2026-05-14T04:03:37.978365,True,38,0,low,
2026-05-14T04:03:39.997077,True,39,0,low,
2026-05-14T04:03:42.017217,True,29,0,low,
2026-05-14T04:03:44.031948,True,27,0,low,
2026-05-14T04:03:46.061765,True,28,0,low,
2026-05-14T04:03:48.083049,True,25,0,low,
2026-05-14T04:03:50.100737,True,21,0,low,
2026-05-14T04:03:52.106647,True,23,0,low,
2026-05-14T04:03:54.128560,True,27,0,low,
2026-05-14T04:03:56.156754,True,19,0,low,
2026-05-14T04:03:58.177320,True,24,0,low,
2026-05-14T04:04:00.184276,True,32,0,low,
2026-05-14T04:04:02.208399,True,38,0,low,
2026-05-14T04:04:04.238759,True,34,0,low,
2026-05-14T04:04:06.269307,True,27,0,low,
2026-05-14T04:04:08.287294,True,23,0,low,
2026-05-14T04:04:10.309014,False,23,0,low,
2026-05-14T04:04:12.328983,True,19,0,low,
2026-05-14T04:04:14.357875,True,19,0,low,
2026-05-14T04:04:16.386263,True,23,0,low,
2026-05-14T04:04:18.406902,True,26,0,low,
2026-05-14T04:04:20.435594,True,22,0,low,
2026-05-14T04:04:22.455163,True,25,0,low,
2026-05-14T04:04:24.476468,True,26,0,low,
2026-05-14T04:04:26.482529,True,25,0,low,
2026-05-14T04:04:28.491767,True,29,0,low,
2026-05-14T04:04:30.520922,True,30,0,low,
2026-05-14T04:04:32.541408,False,21,0,low,
2026-05-14T04:04:34.568273,True,17,0,low,
2026-05-14T04:04:36.585890,True,10,0,low,
2026-05-14T04:04:38.615208,True,15,0,low,
2026-05-14T04:04:40.646512,True,17,0,low,
2026-05-14T04:04:42.669483,True,29,0,low,
2026-05-14T04:04:44.696443,True,24,0,low,
2026-05-14T04:04:46.714382,True,21,0,low,
2026-05-14T04:04:48.743448,True,28,0,low,
2026-05-14T04:04:50.769079,True,31,0,low,
2026-05-14T04:04:52.800810,True,25,0,low,
2026-05-14T04:04:54.829842,False,14,0,low,
2026-05-14T04:04:56.835442,True,17,0,low,
2026-05-14T04:04:58.860750,True,22,0,low,
2026-05-14T04:05:00.884943,True,28,0,low,
2026-05-14T04:05:02.914907,True,18,0,low,
2026-05-14T04:05:04.932623,True,16,0,low,
2026-05-14T04:05:06.959536,True,29,0,low,
2026-05-14T04:05:08.988971,True,26,0,low,
2026-05-14T04:05:11.015564,True,22,0,low,
2026-05-14T04:05:13.021148,True,28,0,low,
2026-05-14T04:05:15.042516,True,30,0,low,
2026-05-14T04:05:17.058557,True,30,0,low,
2026-05-14T04:05:19.081625,True,33,0,low,
2026-05-14T04:05:21.109052,True,28,0,low,
2026-05-14T04:05:23.131370,True,34,0,low,
2026-05-14T04:05:25.151402,True,40,0,low,
2026-05-14T04:05:27.179349,True,25,0,low,
2026-05-14T04:05:29.193917,True,26,0,low,
2026-05-14T04:05:31.210102,True,36,0,low,
2026-05-14T04:05:33.215827,True,38,0,low,
2026-05-14T04:05:35.241957,True,29,0,low,
2026-05-14T04:05:37.257492,True,21,0,low,
2026-05-14T04:05:39.277391,True,22,0,low,
2026-05-14T04:05:41.298706,True,34,0,low,
2026-05-14T04:05:43.324792,True,30,0,low,
2026-05-14T04:05:45.353364,True,25,0,low,
2026-05-14T04:05:47.383361,True,24,0,low,
2026-05-14T04:05:49.409182,True,38,0,low,
2026-05-14T04:05:51.439545,True,37,0,low,
2026-05-14T04:05:53.464366,True,30,0,low,
2026-05-14T04:05:55.479062,True,19,0,low,
2026-05-14T04:05:57.507095,True,25,0,low,
2026-05-14T04:05:59.527106,True,26,0,low,
2026-05-14T04:06:01.543198,True,21,0,low,
2026-05-14T04:06:03.558430,True,13,0,low,
2026-05-14T04:06:05.585461,True,24,0,low,
2026-05-14T04:06:07.609388,True,26,0,low,
2026-05-14T04:06:09.638111,True,27,0,low,
2026-05-14T04:06:11.665587,True,24,0,low,
2026-05-14T04:06:13.681755,True,28,0,low,
2026-05-14T04:06:15.698214,True,27,0,low,
2026-05-14T04:06:17.727481,True,30,0,low,
2026-05-14T04:06:19.755836,True,39,0,low,
2026-05-14T04:06:21.773481,True,26,0,low,
2026-05-14T04:06:23.778702,True,21,0,low,
2026-05-14T04:06:25.801188,True,20,0,low,
2026-05-14T04:06:27.821424,True,22,0,low,
2026-05-14T04:06:29.840733,True,18,0,low,
2026-05-14T04:06:31.876957,True,26,0,low,
2026-05-14T04:06:33.883596,True,22,0,low,
2026-05-14T04:06:35.899150,True,19,0,low,
2026-05-14T04:06:37.919583,True,16,0,low,
2026-05-14T04:06:39.945010,True,18,0,low,
2026-05-14T04:06:41.963992,True,21,0,low,
2026-05-14T04:06:43.982297,True,31,0,low,
2026-05-14T04:06:45.998989,True,40,0,low,
2026-05-14T04:06:48.022494,True,35,0,low,
2026-05-14T04:06:50.051215,True,24,0,low,
2026-05-14T04:06:52.077938,True,38,0,low,
2026-05-14T04:06:54.094273,True,30,0,low,
2026-05-14T04:06:56.112176,True,26,0,low,
2026-05-14T04:06:58.133983,True,39,0,low,
2026-05-14T04:07:00.151077,True,36,0,low,
2026-05-14T04:07:02.171446,True,26,0,low,
2026-05-14T04:07:04.189953,True,28,0,low,
2026-05-14T04:07:06.219364,True,17,0,low,
2026-05-14T04:07:08.224224,True,33,0,low,
2026-05-14T04:07:10.243372,True,40,0,low,
2026-05-14T04:07:12.274058,True,30,0,low,
2026-05-14T04:07:14.293965,True,25,0,low,
2026-05-14T04:07:16.300330,True,22,0,low,
2026-05-14T04:07:18.330498,True,27,0,low,
2026-05-14T04:07:20.359754,True,28,0,low,
2026-05-14T04:07:22.377583,True,30,0,low,
2026-05-14T04:07:24.397961,True,22,0,low,
2026-05-14T04:07:26.424015,True,21,0,low,
2026-05-14T04:07:28.449875,True,21,0,low,
2026-05-14T04:07:30.474254,True,23,0,low,
2026-05-14T04:07:32.501979,True,23,0,low,
2026-05-14T04:07:34.509231,True,22,0,low,
2026-05-14T04:07:36.537754,True,24,0,low,
2026-05-14T04:07:38.563858,True,18,0,low,
2026-05-14T04:07:40.579952,True,20,0,low,
2026-05-14T04:07:42.605905,True,37,0,low,
2026-05-14T04:07:44.621342,True,38,0,low,
2026-05-14T04:07:46.647394,True,26,0,low,
2026-05-14T04:07:48.671549,True,30,0,low,
2026-05-14T04:07:50.693031,True,23,0,low,
2026-05-14T04:07:52.720016,True,16,0,low,
2026-05-14T04:07:54.738498,True,28,0,low,
2026-05-14T04:07:56.744561,True,36,0,low,
2026-05-14T04:07:58.773110,True,29,0,low,
2026-05-14T04:08:00.789097,True,27,0,low,
2026-05-14T04:08:02.819493,True,17,0,low,
2026-05-14T04:08:04.845146,True,19,0,low,
2026-05-14T04:08:06.864807,True,27,0,low,
2026-05-14T04:08:08.881690,True,20,0,low,
2026-05-14T04:08:10.904956,True,20,0,low,
2026-05-14T04:08:12.931359,True,21,0,low,
2026-05-14T04:08:14.954165,True,39,0,low,
2026-05-14T04:08:16.960128,True,31,0,low,
2026-05-14T04:08:18.983405,True,37,0,low,
2026-05-14T04:08:21.003199,True,35,0,low,
2026-05-14T04:08:23.025696,True,21,0,low,
2026-05-14T04:08:25.045437,True,31,0,low,
2026-05-14T04:08:27.050344,True,33,0,low,
2026-05-14T04:08:29.056460,True,36,0,low,
2026-05-14T04:08:31.063192,True,28,0,low,
2026-05-14T04:08:33.090255,True,32,0,low,
2026-05-14T04:08:35.110169,True,23,0,low,
2026-05-14T04:08:37.140604,True,25,0,low,
2026-05-14T04:08:39.145731,True,25,0,low,
2026-05-14T04:08:41.176106,True,30,0,low,
2026-05-14T04:08:43.206375,True,21,0,low,
2026-05-14T04:08:45.232993,True,22,0,low,
2026-05-14T04:08:47.255826,True,29,0,low,
2026-05-14T04:08:49.283774,True,39,0,low,
2026-05-14T04:08:51.305521,True,36,0,low,
2026-05-14T04:08:53.331882,True,29,0,low,
2026-05-14T04:08:55.360587,True,34,0,low,
2026-05-14T04:08:57.381839,True,23,0,low,
2026-05-14T04:08:59.408934,True,13,0,low,
2026-05-14T04:09:01.432845,True,22,0,low,
2026-05-14T04:09:03.463333,True,35,0,low,
2026-05-14T04:09:05.494051,True,40,0,low,
2026-05-14T04:09:07.509660,True,31,0,low,
2026-05-14T04:09:09.514841,True,18,0,low,
2026-05-14T04:09:11.540088,True,20,0,low,
2026-05-14T04:09:13.570897,True,25,0,low,
2026-05-14T04:09:15.600652,True,27,0,low,
2026-05-14T04:09:17.623889,True,27,0,low,
2026-05-14T04:09:19.640454,True,22,0,low,
2026-05-14T04:09:21.646140,True,18,0,low,
2026-05-14T04:09:23.667032,True,17,0,low,
2026-05-14T04:09:25.691527,True,21,0,low,
2026-05-14T04:09:27.698656,True,27,0,low,
2026-05-14T04:09:29.704386,True,26,0,low,
2026-05-14T04:09:31.711416,True,25,0,low,
2026-05-14T04:09:33.727065,True,21,0,low,
2026-05-14T04:09:35.750981,True,21,0,low,
2026-05-14T04:09:37.766350,True,26,0,low,
2026-05-14T04:09:39.781425,True,27,0,low,
2026-05-14T04:09:41.806585,True,18,0,low,
2026-05-14T04:09:43.830524,True,21,0,low,
2026-05-14T04:09:45.844751,True,24,0,low,
2026-05-14T04:09:47.862033,True,20,0,low,
2026-05-14T04:09:49.887109,True,25,0,low,
2026-05-14T04:09:51.916594,True,33,0,low,
2026-05-14T04:09:53.936767,True,35,0,low,
2026-05-14T04:09:55.952305,True,21,0,low,
2026-05-14T04:09:57.959370,True,15,0,low,
2026-05-14T04:09:59.981331,True,15,0,low,
2026-05-14T04:10:01.987037,True,28,0,low,
2026-05-14T04:10:04.006403,True,18,0,low,
2026-05-14T04:10:06.030709,True,18,0,low,
2026-05-14T04:10:08.054682,True,21,0,low,
2026-05-14T04:10:10.080469,True,20,0,low,
2026-05-14T04:10:12.103116,True,31,0,low,
2026-05-14T04:10:14.125932,True,28,0,low,
2026-05-14T04:10:16.132583,True,25,0,low,
2026-05-14T04:10:18.138210,True,27,0,low,
2026-05-14T04:10:20.143308,True,20,0,low,
2026-05-14T04:10:22.164308,True,19,0,low,
2026-05-14T04:10:24.195281,True,16,0,low,
2026-05-14T04:10:26.217392,True,21,0,low,
2026-05-14T04:10:28.241240,True,26,0,low,
2026-05-14T04:10:30.270993,True,22,0,low,
2026-05-14T04:10:32.300893,True,24,0,low,
2026-05-14T04:10:34.306719,True,26,0,low,
2026-05-14T04:10:36.336984,True,29,0,low,
2026-05-14T04:10:38.363425,True,27,0,low,
2026-05-14T04:10:40.389993,True,23,0,low,
2026-05-14T04:10:42.409637,True,33,0,low,
2026-05-14T04:10:44.415189,True,25,0,low,
2026-05-14T04:10:46.436334,True,22,0,low,
2026-05-14T04:10:48.465470,True,24,0,low,
2026-05-14T04:10:50.487602,False,20,0,low,
2026-05-14T04:10:52.493193,True,33,0,low,
2026-05-14T04:10:54.520703,True,38,0,low,
2026-05-14T04:10:56.540866,True,22,0,low,
2026-05-14T04:10:58.556348,True,19,0,low,
2026-05-14T04:11:00.573140,True,16,0,low,
2026-05-14T04:11:02.591389,True,20,0,low,
2026-05-14T04:11:04.614329,True,38,0,low,
2026-05-14T04:11:06.637877,True,38,0,low,
2026-05-14T04:11:08.643645,True,34,0,low,
2026-05-14T04:11:10.666316,True,35,0,low,
2026-05-14T04:11:12.673337,True,26,0,low,
2026-05-14T04:11:14.695412,True,24,0,low,
2026-05-14T04:11:16.701772,True,26,0,low,
2026-05-14T04:11:18.732101,True,39,0,low,
2026-05-14T04:11:20.750325,True,39,0,low,
2026-05-14T04:11:22.764528,True,39,0,low,
2026-05-14T04:11:24.771462,False,25,0,low,
2026-05-14T04:11:26.795604,True,32,0,low,
2026-05-14T04:11:28.812021,True,26,0,low,
2026-05-14T04:11:30.830446,True,19,0,low,
2026-05-14T04:11:32.854728,True,27,0,low,
2026-05-14T04:11:34.860777,True,36,0,low,
2026-05-14T04:11:36.887726,True,28,0,low,
2026-05-14T04:11:38.903213,True,37,0,low,
2026-05-14T04:11:40.926683,True,37,0,low,
2026-05-14T04:11:42.948669,True,37,0,low,
2026-05-14T04:11:44.966810,True,31,0,low,
2026-05-14T04:11:46.992206,True,20,0,low,
2026-05-14T04:11:49.010431,True,22,0,low,
2026-05-14T04:11:51.034497,True,23,0,low,
2026-05-14T04:11:53.055547,True,34,0,low,
2026-05-14T04:11:55.074635,True,24,0,low,
2026-05-14T04:11:57.091254,True,30,0,low,
2026-05-14T04:11:59.107811,True,27,0,low,
2026-05-14T04:12:01.126539,True,31,0,low,
2026-05-14T04:12:03.143323,True,28,0,low,
2026-05-14T04:12:05.170567,True,23,0,low,
2026-05-14T04:12:07.200688,True,26,0,low,
2026-05-14T04:12:09.225643,True,27,0,low,
2026-05-14T04:12:11.243893,True,22,0,low,
2026-05-14T04:12:13.271746,True,24,0,low,
2026-05-14T04:12:15.278060,True,18,0,low,
2026-05-14T04:12:17.293666,True,25,0,low,
2026-05-14T04:12:19.320951,True,34,0,low,
2026-05-14T04:12:21.349387,True,34,0,low,
2026-05-14T04:12:23.367554,True,25,0,low,
2026-05-14T04:12:25.399698,True,27,0,low,
2026-05-14T04:12:27.417058,True,19,0,low,
2026-05-14T04:12:29.438099,True,23,0,low,
2026-05-14T04:12:31.454184,True,34,0,low,
2026-05-14T04:12:33.482290,True,24,0,low,
2026-05-14T04:12:35.506412,True,19,0,low,
2026-05-14T04:12:37.535321,True,23,0,low,
2026-05-14T04:12:39.555815,True,39,0,low,
2026-05-14T04:12:41.571817,True,39,0,low,
2026-05-14T04:12:43.602530,True,39,0,low,
2026-05-14T04:12:45.632126,True,40,0,low,
2026-05-14T04:12:47.659364,True,16,0,low,
2026-05-14T04:12:49.664481,True,27,0,low,
2026-05-14T04:12:51.680909,True,30,0,low,
2026-05-14T04:12:53.700241,True,15,0,low,
2026-05-14T04:12:55.725189,True,20,0,low,
2026-05-14T04:12:57.752864,True,30,0,low,
2026-05-14T04:12:59.780409,True,36,0,low,
2026-05-14T04:13:01.797514,True,35,0,low,
2026-05-14T04:13:03.819221,True,20,0,low,
2026-05-14T04:13:05.849219,True,22,0,low,
2026-05-14T04:13:07.877830,True,18,0,low,
2026-05-14T04:13:09.908993,True,25,0,low,
2026-05-14T04:13:11.925150,True,23,0,low,
2026-05-14T04:13:13.943559,True,23,0,low,
2026-05-14T04:13:15.967284,True,17,0,low,
2026-05-14T04:13:17.992314,True,24,0,low,
2026-05-14T04:13:19.998063,True,36,0,low,
2026-05-14T04:13:22.018996,True,31,0,low,
2026-05-14T04:13:24.039797,True,19,0,low,
2026-05-14T04:13:26.066238,True,39,0,low,
2026-05-14T04:13:28.094544,True,38,0,low,
2026-05-14T04:13:30.118163,True,24,0,low,
2026-05-14T04:13:32.124607,True,18,0,low,
2026-05-14T04:13:34.151561,True,34,0,low,
2026-05-14T04:13:36.157597,True,30,0,low,
2026-05-14T04:13:38.186097,True,24,0,low,
2026-05-14T04:13:40.194614,True,27,0,low,
2026-05-14T04:13:42.200054,True,29,0,low,
2026-05-14T04:13:44.218653,True,24,0,low,
2026-05-14T04:13:46.248488,True,29,0,low,
2026-05-14T04:13:48.265419,True,37,0,low,
2026-05-14T04:13:50.270794,True,40,0,low,
2026-05-14T04:13:52.292466,True,24,0,low,
2026-05-14T04:13:54.312640,True,31,0,low,
2026-05-14T04:13:56.329005,True,28,0,low,
2026-05-14T04:13:58.346405,True,24,0,low,
2026-05-14T04:14:00.364749,True,21,0,low,
2026-05-14T04:14:02.382288,True,15,0,low,
2026-05-14T04:14:04.408855,True,28,0,low,
2026-05-14T04:14:06.413645,True,27,0,low,
2026-05-14T04:14:08.422440,True,26,0,low,
2026-05-14T04:14:10.442184,True,17,0,low,
2026-05-14T04:14:12.470834,True,29,0,low,
2026-05-14T04:14:14.486015,True,40,0,low,
2026-05-14T04:14:16.492250,True,32,0,low,
2026-05-14T04:14:18.515973,True,35,0,low,
2026-05-14T04:14:20.534135,True,40,0,low,
2026-05-14T04:14:22.558810,True,40,0,low,
2026-05-14T04:14:24.587264,True,33,0,low,
2026-05-14T04:14:26.611661,True,20,0,low,
2026-05-14T04:14:28.640960,True,13,0,low,
2026-05-14T04:14:30.658708,True,31,0,low,
2026-05-14T04:14:32.680249,True,38,0,low,
2026-05-14T04:14:34.712487,True,26,0,low,
2026-05-14T04:14:36.731906,True,28,0,low,
2026-05-14T04:14:38.749996,True,28,0,low,
2026-05-14T04:14:40.770030,True,16,0,low,
2026-05-14T04:14:42.790319,True,21,0,low,
2026-05-14T04:14:44.808849,True,29,0,low,
2026-05-14T04:14:46.831649,True,30,0,low,
2026-05-14T04:14:48.850630,True,18,0,low,
2026-05-14T04:14:50.868829,True,18,0,low,
2026-05-14T04:14:52.884042,True,20,0,low,
2026-05-14T04:14:54.904292,True,26,0,low,
2026-05-14T04:14:56.922919,True,37,0,low,
2026-05-14T04:14:58.942050,True,29,0,low,
2026-05-14T04:15:00.965196,True,25,0,low,
2026-05-14T04:15:02.984970,True,19,0,low,
2026-05-14T04:15:04.990493,False,18,0,low,
2026-05-14T04:15:07.008899,True,27,0,low,
2026-05-14T04:15:09.032717,True,28,0,low,
2026-05-14T04:15:11.054333,True,17,0,low,
2026-05-14T04:15:13.078498,True,13,0,low,
2026-05-14T04:15:15.098288,True,20,0,low,
2026-05-14T04:15:17.124778,True,13,0,low,
2026-05-14T04:15:19.141995,True,25,0,low,
2026-05-14T04:15:21.169021,True,30,0,low,
2026-05-14T04:15:23.189478,True,24,0,low,
2026-05-14T04:15:25.215160,True,30,0,low,
2026-05-14T04:15:27.237014,True,34,0,low,
2026-05-14T04:15:29.258305,True,24,0,low,
2026-05-14T04:15:31.290405,True,23,0,low,
2026-05-14T04:15:33.309436,True,13,0,low,
2026-05-14T04:15:35.314929,True,20,0,low,
2026-05-14T04:15:37.322024,True,20,0,low,
2026-05-14T04:15:39.350288,True,13,0,low,
2026-05-14T04:15:41.357103,True,30,0,low,
2026-05-14T04:15:43.378765,True,39,0,low,
2026-05-14T04:15:45.393364,True,34,0,low,
2026-05-14T04:15:47.420842,True,20,0,low,
2026-05-14T04:15:49.439044,True,23,0,low,
2026-05-14T04:15:51.458430,True,26,0,low,
2026-05-14T04:15:53.473950,True,37,0,low,
2026-05-14T04:15:55.502702,True,35,0,low,
2026-05-14T04:15:57.525092,True,27,0,low,
2026-05-14T04:15:59.530839,True,37,0,low,
2026-05-14T04:16:01.562759,True,37,0,low,
2026-05-14T04:16:03.568218,True,20,0,low,
2026-05-14T04:16:05.598165,True,21,0,low,
2026-05-14T04:16:07.620320,True,22,0,low,
2026-05-14T04:16:09.636911,True,30,0,low,
2026-05-14T04:16:11.665569,True,26,0,low,
2026-05-14T04:16:13.673679,True,19,0,low,
2026-05-14T04:16:15.701085,True,24,0,low,
2026-05-14T04:16:17.706892,True,22,0,low,
2026-05-14T04:16:19.737065,True,13,0,low,
2026-05-14T04:16:21.764354,True,21,0,low,
2026-05-14T04:16:23.779163,True,38,0,low,
2026-05-14T04:16:25.805230,True,36,0,low,
2026-05-14T04:16:27.831231,True,34,0,low,
2026-05-14T04:16:29.860420,True,29,0,low,
2026-05-14T04:16:31.883977,True,36,0,low,
2026-05-14T04:16:33.907822,True,21,0,low,
2026-05-14T04:16:35.936227,True,23,0,low,
2026-05-14T04:16:37.959785,True,23,0,low,
2026-05-14T04:16:39.988144,True,17,0,low,
2026-05-14T04:16:42.008241,True,25,0,low,
2026-05-14T04:16:44.032275,True,34,0,low,
2026-05-14T04:16:46.054362,True,24,0,low,
2026-05-14T04:16:48.081673,True,24,0,low,
2026-05-14T04:16:50.102882,True,24,0,low,
2026-05-14T04:16:52.119317,True,24,0,low,
2026-05-14T04:16:54.144481,True,24,0,low,
2026-05-14T04:27:27.910166,fused,True,23,0,1.24,89,-41,low,
2026-05-14T04:27:29.926487,fused,True,15,0,7.46,90,-41,low,
2026-05-14T04:27:31.952512,fused,True,21,0,12.53,76,-41,low,
2026-05-14T04:27:33.982949,fused,True,27,0,3.06,88,-41,low,
2026-05-14T04:27:35.989407,fused,True,25,0,5.46,95,-42,low,
2026-05-14T04:27:38.008808,fused,False,26,0,0.0,95,-42,low,
2026-05-14T04:27:40.024916,fused,True,25,0,8.78,86,-41,low,
2026-05-14T04:27:42.032317,fused,True,23,0,3.22,84,-42,low,
2026-05-14T04:27:44.048463,fused,True,25,0,10.52,75,-42,low,
2026-05-14T04:27:46.067760,fused,True,27,0,12.29,67,-42,low,
2026-05-14T04:27:48.089797,fused,True,36,0,4.49,78,-41,low,
2026-05-14T04:27:50.118497,fused,True,39,0,7.08,79,-40,low,
2026-05-14T04:27:52.123487,fused,True,27,0,2.57,83,-41,low,
2026-05-14T04:27:54.153468,fused,True,32,0,2.86,94,-42,low,
2026-05-14T04:27:56.159199,fused,True,31,0,3.98,101,-40,low,
2026-05-14T04:27:58.189482,fused,True,23,0,6.5,85,-41,low,
2026-05-14T04:28:00.205114,fused,True,19,0,2.67,79,-41,low,
2026-05-14T04:28:02.225815,fused,True,26,0,8.5,77,-42,low,
2026-05-14T04:28:04.249161,fused,True,32,0,11.49,69,-42,low,
2026-05-14T04:28:06.276520,fused,True,26,0,6.4,64,-40,low,
2026-05-14T04:28:08.297725,fused,True,27,0,2.51,83,-42,low,
2026-05-14T04:28:10.326315,fused,True,32,0,4.91,83,-41,low,
2026-05-14T04:28:12.341973,fused,True,31,0,16.97,75,-43,low,
2026-05-14T04:28:14.357996,fused,True,28,0,3.05,73,-43,low,
2026-05-14T04:28:16.375658,fused,True,25,0,9.43,85,-41,low,
2026-05-14T04:28:18.394742,fused,True,26,0,6.6,89,-42,low,
2026-05-14T04:28:20.418719,fused,True,25,0,16.52,79,-41,low,
2026-05-14T04:28:22.440196,fused,True,26,0,10.96,85,-43,low,
2026-05-14T04:28:24.466548,fused,True,21,0,2.32,90,-42,low,
2026-05-14T04:28:26.489633,fused,True,17,0,7.46,91,-42,low,
2026-05-14T04:28:28.507776,fused,True,17,0,15.47,81,-42,low,
2026-05-14T04:28:30.535490,fused,True,25,0,14.28,84,-42,low,
2026-05-14T04:28:32.558704,fused,True,27,0,10.0,83,-42,low,
2026-05-14T04:28:34.576095,fused,True,29,0,3.8,79,-41,low,
2026-05-14T04:28:36.598401,fused,True,30,0,1.93,80,-40,low,
2026-05-14T04:28:38.624739,fused,True,28,0,3.57,80,-42,low,
2026-05-14T04:28:40.652749,fused,True,33,0,8.66,84,-41,low,
2026-05-14T04:28:42.672926,fused,True,24,0,0.63,85,-42,low,
2026-05-14T04:28:44.694549,fused,True,16,0,5.18,88,-42,low,
2026-05-14T04:28:46.711697,fused,True,18,0,4.29,86,-44,low,
2026-05-14T04:28:48.742238,fused,True,27,0,3.22,74,-70,low,
2026-05-14T04:28:50.766549,fused,True,28,0,2.56,79,-42,low,
2026-05-14T04:28:52.771518,fused,True,17,0,3.93,89,-43,low,
2026-05-14T04:28:54.777062,fused,True,32,0,6.54,95,-42,low,
2026-05-14T04:28:56.805331,fused,True,32,0,3.87,88,-43,low,
2026-05-14T04:28:58.824596,fused,True,37,0,7.58,98,-42,low,
2026-05-14T04:29:00.847700,fused,True,37,0,9.53,101,-43,low,
2026-05-14T04:29:02.854155,fused,True,30,0,3.74,87,-43,low,
2026-05-14T04:29:04.872181,fused,True,28,0,6.12,78,-42,low,
2026-05-14T04:29:06.881019,fused,True,23,0,23.4,73,-41,low,
2026-05-14T04:29:08.888165,fused,True,31,0,4.34,82,-42,low,
2026-05-14T04:29:10.917317,fused,True,25,0,7.6,94,-42,low,
2026-05-14T04:29:12.946906,fused,True,24,0,7.26,87,-42,low,
2026-05-14T04:29:14.963487,fused,True,26,0,23.16,84,-42,low,
2026-05-14T04:29:16.978929,fused,True,18,0,10.12,89,-42,low,
2026-05-14T04:29:18.996909,fused,True,20,0,3.31,96,-42,low,
2026-05-14T04:29:21.014866,fused,True,23,0,4.83,90,-42,low,
2026-05-14T04:29:23.044035,fused,True,18,0,2.64,95,-76,low,
2026-05-14T04:29:25.071120,fused,True,18,0,0.27,93,-42,low,
2026-05-14T04:29:27.096253,fused,True,24,0,16.47,91,-42,low,
2026-05-14T04:29:29.123310,fused,True,20,0,17.42,88,-42,low,
2026-05-14T04:29:31.145187,fused,True,16,0,8.11,86,-42,low,
2026-05-14T04:29:33.163286,fused,True,21,0,10.21,94,-42,low,
2026-05-14T04:29:35.186589,fused,True,26,0,16.54,93,-42,low,
2026-05-14T04:29:37.211826,fused,True,24,0,17.48,94,-41,low,
2026-05-14T04:29:39.237876,fused,True,21,0,2.96,96,-42,low,
2026-05-14T04:29:41.266426,fused,True,17,0,7.07,112,-42,low,
2026-05-14T04:29:43.289527,fused,True,27,0,3.57,106,-42,low,
2026-05-14T04:29:45.315840,fused,True,38,0,5.86,95,-75,low,
2026-05-14T04:29:47.341128,fused,True,35,0,9.03,89,-42,low,
2026-05-14T04:29:49.369973,fused,True,18,0,13.86,75,-75,low,
2026-05-14T04:29:51.397324,fused,True,26,0,2.99,84,-42,low,
2026-05-14T04:29:53.415779,fused,True,36,0,7.15,98,-42,low,
2026-05-14T04:29:55.437259,fused,True,33,0,4.53,88,-42,low,
2026-05-14T04:29:57.457821,fused,True,29,0,6.21,78,-72,low,
2026-05-14T04:29:59.479005,fused,True,20,0,3.17,73,-43,low,
2026-05-14T04:30:01.498634,fused,True,21,0,7.52,75,-42,low,
2026-05-14T04:30:03.522461,fused,True,15,0,0.0,82,-42,low,
2026-05-14T04:30:05.550367,fused,True,16,0,5.31,80,-40,low,
2026-05-14T04:30:07.572196,fused,True,15,0,4.45,76,-42,low,
2026-05-14T04:30:09.595889,fused,True,25,0,5.89,86,-42,low,
2026-05-14T04:30:11.615612,fused,True,22,0,5.55,93,-42,low,
2026-05-14T04:30:13.641854,fused,True,29,0,5.43,86,-73,low,
2026-05-14T04:30:15.660994,fused,True,33,0,13.34,74,-42,low,
2026-05-14T04:30:17.690360,fused,True,23,0,4.38,82,-42,low,
2026-05-14T04:30:19.721139,fused,True,21,0,3.67,87,-41,low,
2026-05-14T04:30:21.744969,fused,True,30,0,4.05,91,-73,low,
2026-05-14T04:30:23.773391,fused,True,26,0,10.99,77,-63,low,
2026-05-14T04:30:25.780475,fused,True,33,0,5.22,90,-40,low,
2026-05-14T04:30:27.804816,fused,True,20,0,4.97,113,-42,low,
2026-05-14T04:30:29.833147,fused,True,27,0,2.13,98,-42,low,
2026-05-14T04:30:31.853677,fused,True,35,0,3.33,94,-42,low,
2026-05-14T04:30:33.882422,fused,True,27,0,16.74,94,-73,low,
2026-05-14T04:30:35.913054,fused,True,20,0,5.9,94,-41,low,
2026-05-14T04:30:37.920575,fused,True,32,0,8.71,95,-41,low,
2026-05-14T04:30:39.944984,fused,True,26,0,4.59,83,-92,low,
2026-05-14T04:30:41.971471,fused,True,18,0,3.87,94,-41,low,
2026-05-14T04:30:43.996406,fused,True,22,0,2.86,96,-40,low,
2026-05-14T04:30:46.023209,fused,True,29,0,5.88,90,-40,low,
2026-05-14T04:30:48.037620,fused,True,24,0,16.03,97,-41,low,
2026-05-14T04:30:50.067292,fused,True,24,0,1.96,88,-42,low,
2026-05-14T04:30:52.094975,fused,True,30,0,2.83,83,-42,low,
2026-05-14T04:30:54.125241,fused,True,28,0,7.88,76,-42,low,
2026-05-14T04:30:56.144038,fused,True,36,0,6.41,70,-41,low,
2026-05-14T04:30:58.150077,fused,False,34,0,0.0,75,-42,low,
2026-05-14T04:31:00.173387,fused,True,24,0,3.22,85,-42,low,
2026-05-14T04:31:02.196590,fused,True,23,0,7.41,84,-41,low,
2026-05-14T04:31:04.224666,fused,True,19,0,12.72,73,-41,low,
2026-05-14T04:31:06.242491,fused,True,39,0,2.12,67,-41,low,
2026-05-14T04:31:08.268172,fused,True,37,0,2.45,83,-93,low,
2026-05-14T04:31:10.286822,fused,True,32,0,11.33,94,-41,low,
2026-05-14T04:31:12.312192,fused,True,20,0,7.48,84,-16,low,
2026-05-14T04:31:14.318135,fused,True,20,0,10.78,97,-40,low,
2026-05-14T04:31:16.338998,fused,True,22,0,11.9,100,-41,low,
2026-05-14T04:31:18.367493,fused,True,24,0,5.5,95,-41,low,
2026-05-14T04:31:20.372919,fused,True,28,0,3.57,94,-86,low,
2026-05-14T04:31:22.396136,fused,True,28,0,2.89,81,-16,low,
2026-05-14T04:31:24.417088,fused,True,34,0,7.2,81,-93,low,
2026-05-14T04:31:26.445723,fused,True,37,0,4.95,87,-39,low,
2026-05-14T04:31:28.465490,fused,True,19,0,9.45,90,-92,low,
2026-05-14T04:31:30.486143,fused,True,19,0,3.28,83,-91,low,
2026-05-14T04:31:32.511227,fused,True,23,0,6.17,80,-18,low,
2026-05-14T04:31:34.537040,fused,True,23,0,3.25,80,-78,low,
2026-05-14T04:31:36.566086,fused,True,22,0,4.97,75,-36,low,
2026-05-14T04:31:38.594745,fused,True,32,0,6.94,69,-41,low,
2026-05-14T04:31:40.610476,fused,True,35,0,6.76,79,-40,low,
2026-05-14T04:31:42.636075,fused,True,29,0,6.08,83,-40,low,
2026-05-14T04:31:44.655051,fused,True,28,0,4.33,96,-39,low,
2026-05-14T04:31:46.672160,fused,True,30,0,7.56,100,-42,low,
2026-05-14T04:31:48.692291,fused,True,30,0,4.75,92,-42,low,
2026-05-14T04:31:50.721448,fused,True,38,0,10.62,88,-41,low,
2026-05-14T04:31:52.743516,fused,True,33,0,7.13,74,-17,low,
2026-05-14T04:31:54.758878,fused,True,28,0,2.95,82,-41,low,
2026-05-14T04:31:56.779297,fused,True,32,0,6.2,95,-40,low,
2026-05-14T04:31:58.795523,fused,True,37,0,11.22,99,-40,low,
2026-05-14T04:32:00.823413,fused,True,23,0,5.24,102,-40,low,
2026-05-14T04:32:02.829408,fused,True,27,0,10.27,84,-40,low,
2026-05-14T04:32:04.855319,fused,True,24,0,9.49,82,-40,low,
2026-05-14T04:32:06.884385,fused,True,22,0,3.94,86,-40,low,
2026-05-14T04:32:08.900515,fused,True,26,0,14.52,87,-40,low,
2026-05-14T04:32:10.905511,fused,True,25,0,10.58,84,-40,low,
2026-05-14T04:32:12.923033,fused,True,21,0,7.54,90,-17,low,
2026-05-14T04:32:14.953766,fused,True,13,0,8.17,99,-41,low,
2026-05-14T04:32:16.978470,fused,True,13,0,21.92,96,-41,low,
2026-05-14T04:32:19.002237,fused,True,18,0,26.36,102,-40,low,
2026-05-14T04:32:21.029587,fused,True,24,0,13.55,83,-40,low,
2026-05-14T04:32:23.052986,fused,True,20,0,12.04,79,-72,low,
2026-05-14T04:32:25.074640,fused,True,15,0,8.65,86,-40,low,
2026-05-14T04:32:27.101774,fused,True,18,0,5.46,93,-41,low,
2026-05-14T04:32:29.125279,fused,True,25,0,2.61,98,-41,low,
2026-05-14T04:32:31.152614,fused,True,30,0,7.09,95,-41,low,
2026-05-14T04:32:33.183384,fused,True,32,0,8.51,82,-42,low,
2026-05-14T04:32:35.211007,fused,True,32,0,5.05,88,-41,low,
2026-05-14T04:32:37.226823,fused,True,25,0,9.95,88,-42,low,
2026-05-14T04:32:39.256853,fused,True,22,0,4.67,84,-42,low,
2026-05-14T04:32:41.262249,fused,True,24,0,18.96,71,-42,low,
2026-05-14T04:32:43.280657,fused,True,23,0,17.75,78,-42,low,
2026-05-14T04:32:45.310805,fused,True,40,0,7.35,82,-41,low,
2026-05-14T04:32:47.316591,fused,True,40,0,9.39,86,-41,low,
2026-05-14T04:32:49.331056,fused,True,34,0,10.49,89,-42,low,
2026-05-14T04:32:51.347744,fused,True,35,0,4.22,86,-41,low,
2026-05-14T04:32:53.374110,fused,True,33,0,7.98,81,-42,low,
2026-05-14T04:32:55.397438,fused,True,33,0,1.82,80,-42,low,
2026-05-14T04:32:57.420165,fused,True,23,0,6.95,87,-41,low,
2026-05-14T04:32:59.450030,fused,True,31,0,2.59,82,-41,low,
2026-05-14T04:33:01.479143,fused,True,39,0,6.22,75,-42,low,
2026-05-14T04:33:03.507999,fused,True,30,0,6.34,85,-40,low,
2026-05-14T04:33:05.513900,fused,True,29,0,2.98,84,-69,low,
2026-05-14T04:33:40.040326,fused,True,32,0,1.03,82,-42,low,
2026-05-14T04:33:42.066277,fused,True,21,0,10.51,88,-74,low,
2026-05-14T04:33:44.072179,fused,True,28,0,12.09,81,-41,low,
2026-05-14T04:33:46.094079,fused,True,23,0,4.88,77,-41,low,
2026-05-14T04:33:48.116320,fused,True,22,0,6.02,79,-41,low,
2026-05-14T04:33:50.144494,fused,True,34,0,4.18,91,-90,low,
2026-05-14T04:33:52.160987,fused,True,30,0,2.66,86,-41,low,
2026-05-14T04:33:54.186303,fused,True,32,0,6.42,84,-41,low,
2026-05-14T04:33:56.211638,fused,True,25,0,4.18,83,-40,low,
2026-05-14T04:33:58.237713,fused,True,28,0,9.59,92,-41,low,
2026-05-14T04:34:00.266947,fused,True,26,0,8.76,82,-42,low,
2026-05-14T04:34:02.284732,fused,True,20,0,14.03,73,-41,low,
2026-05-14T04:34:04.314841,fused,True,27,0,5.94,81,-91,low,
2026-05-14T04:34:06.334430,fused,True,29,0,10.33,74,-41,low,
2026-05-14T04:34:08.354659,fused,True,19,0,7.84,83,-42,low,
2026-05-14T04:34:10.373076,fused,False,29,0,0.0,91,-42,low,
2026-05-14T04:34:12.401117,fused,True,26,0,4.1,88,-41,low,
2026-05-14T04:34:14.416804,fused,False,28,0,0.0,92,-42,low,
2026-05-14T04:34:16.444145,fused,True,34,0,5.12,91,-43,low,
2026-05-14T04:34:18.450652,fused,True,32,0,11.73,90,-42,low,
2026-05-14T04:34:20.479727,fused,True,28,0,5.44,79,-43,low,
2026-05-14T04:34:22.497795,fused,True,18,0,5.65,84,-72,low,
2026-05-14T04:34:24.519708,fused,True,22,0,2.52,98,-42,low,
2026-05-14T04:34:26.537205,fused,True,39,0,12.12,104,-43,low,
2026-05-14T04:34:28.562569,fused,True,38,0,7.38,110,-43,low,
2026-05-14T04:34:30.590822,fused,True,26,0,11.77,89,-43,low,
2026-05-14T04:34:32.612751,fused,True,38,0,5.28,100,-43,low,
2026-05-14T04:34:34.632216,fused,True,38,0,0.0,87,-42,low,
2026-05-14T04:34:36.658178,fused,True,38,0,4.94,91,-20,low,
2026-05-14T04:34:38.683939,fused,True,31,0,5.32,81,-42,low,
2026-05-14T04:34:40.710564,fused,True,26,0,21.93,88,-42,low,
2026-05-14T04:34:42.741468,fused,True,27,0,4.4,93,-42,low,
2026-05-14T04:34:44.767757,fused,True,26,0,7.28,91,-42,low,
2026-05-14T04:34:46.785218,fused,True,25,0,4.32,92,-92,low,
2026-05-14T04:34:48.812305,fused,True,27,0,16.28,93,-40,low,
2026-05-14T04:34:50.830463,fused,True,23,0,3.26,105,-40,low,
2026-05-14T04:34:52.853759,fused,True,18,0,11.75,110,-39,low,
2026-05-14T04:34:54.877974,fused,True,21,0,8.62,100,-39,low,
2026-05-14T04:34:56.900559,fused,True,32,0,6.69,79,-16,low,
2026-05-14T04:34:58.920356,fused,True,34,0,5.19,83,-40,low,
2026-05-14T04:35:00.947311,fused,True,25,0,28.99,85,-40,low,
2026-05-14T04:35:02.974990,fused,True,31,0,8.1,78,-36,low,
2026-05-14T04:35:05.003500,fused,True,26,0,8.79,82,-39,low,
2026-05-14T04:35:07.033216,fused,True,22,0,6.15,95,-16,low,
2026-05-14T04:35:09.060132,fused,True,22,0,10.06,99,-40,low,
2026-05-14T04:35:11.082676,fused,True,23,0,5.47,84,-40,low,
2026-05-14T04:35:13.088956,fused,True,38,0,6.5,92,-36,low,
2026-05-14T04:35:15.109534,fused,True,28,0,10.38,100,-39,low,
2026-05-14T04:35:17.115488,fused,True,12,0,6.08,99,-17,low,
2026-05-14T04:35:19.135268,fused,True,22,0,25.69,96,-40,low,
2026-05-14T04:35:21.164207,fused,True,27,0,4.94,86,-40,low,
2026-05-14T04:35:23.190568,fused,True,33,0,7.1,88,-39,low,
2026-05-14T04:35:25.219438,fused,True,29,0,2.08,87,-39,low,
2026-05-14T04:35:27.247453,fused,True,22,0,9.65,89,-40,low,
2026-05-14T04:35:29.275491,fused,True,26,0,5.18,90,-39,low,
2026-05-14T04:35:31.301065,fused,True,26,0,7.89,86,-40,low,
2026-05-14T04:35:33.307101,fused,True,18,0,7.25,92,-39,low,
2026-05-14T04:35:35.334045,fused,True,38,0,17.87,87,-40,low,
2026-05-14T04:35:37.353588,fused,True,39,0,3.98,82,-39,low,
2026-05-14T04:35:39.376713,fused,True,27,0,14.45,94,-39,low,
2026-05-14T04:35:41.392114,fused,True,23,0,8.79,91,-40,low,
2026-05-14T04:35:43.417212,fused,True,23,0,3.97,93,-85,low,
2026-05-14T04:35:45.444904,fused,True,21,0,2.36,95,-40,low,
2026-05-14T04:35:47.473709,fused,True,31,0,23.39,90,-39,low,
2026-05-14T04:35:49.498691,fused,True,39,0,2.65,87,-36,low,
2026-05-14T04:35:51.521465,fused,True,32,0,2.92,70,-39,low,
2026-05-14T04:35:53.544060,fused,True,27,0,2.64,76,-39,low,
2026-05-14T04:35:55.562550,fused,True,30,0,5.47,76,-39,low,
2026-05-14T04:35:57.586705,fused,True,36,0,4.28,88,-39,low,
2026-05-14T04:35:59.603595,fused,True,37,0,5.11,103,-72,low,
2026-05-14T04:36:01.630041,fused,True,33,0,3.99,106,-39,low,
2026-05-14T04:36:03.658114,fused,True,30,0,8.33,93,-40,low,
2026-05-14T04:36:05.664031,fused,True,16,0,5.47,87,-40,low,
2026-05-14T04:36:07.682317,fused,True,19,0,4.07,74,-40,low,
2026-05-14T04:36:09.709903,fused,True,28,0,6.21,86,-40,low,
2026-05-14T04:36:11.732008,fused,True,39,0,2.63,94,-71,low,
2026-05-14T04:36:13.761927,fused,True,39,0,7.93,92,-39,low,
2026-05-14T04:36:15.791429,fused,True,22,0,3.3,98,-39,low,
2026-05-14T04:36:17.817105,fused,True,24,0,21.67,87,-60,low,
2026-05-14T04:36:19.822786,fused,True,24,0,3.25,76,-39,low,
2026-05-14T04:36:21.839753,fused,True,39,0,6.69,76,-74,low,
2026-05-14T04:36:23.867176,fused,True,35,0,9.08,83,-40,low,
2026-05-14T04:36:25.894464,fused,True,24,0,10.49,90,-87,low,
2026-05-14T04:36:27.916645,fused,True,24,0,2.37,77,-39,low,
2026-05-14T04:36:29.943501,fused,True,30,0,14.39,86,-92,low,
2026-05-14T04:36:31.962789,fused,True,31,0,11.69,89,-35,low,
2026-05-14T04:36:33.986367,fused,True,29,0,10.11,90,-37,low,
2026-05-14T04:36:36.015428,fused,True,16,0,2.78,94,-39,low,
2026-05-14T04:36:38.035334,fused,True,21,0,6.95,91,-39,low,
2026-05-14T04:36:40.059489,fused,True,21,0,2.82,89,-39,low,
2026-05-14T04:36:42.066598,fused,True,24,0,5.68,92,-36,low,
2026-05-14T04:36:44.084642,fused,True,28,0,7.95,102,-39,low,
2026-05-14T04:36:46.109508,fused,True,27,0,16.03,100,-39,low,
2026-05-14T04:36:48.116234,fused,True,27,0,8.58,92,-39,low,
2026-05-14T04:36:50.121263,fused,True,23,0,2.77,79,-71,low,
2026-05-14T04:36:52.143569,fused,True,20,0,16.51,90,-36,low,
2026-05-14T04:36:54.168976,fused,True,24,0,4.94,100,-39,low,
2026-05-14T04:36:56.197593,fused,True,26,0,5.91,89,-39,low,
2026-05-14T04:36:58.216142,fused,True,28,0,5.96,91,-39,low,
2026-05-14T04:37:00.239061,fused,True,32,0,6.4,95,-39,low,
2026-05-14T04:37:02.266867,fused,True,26,0,2.98,96,-91,low,
2026-05-14T04:37:04.293530,fused,True,27,0,6.04,90,-36,low,
2026-05-14T04:37:06.316213,fused,True,27,0,17.42,105,-36,low,
2026-05-14T04:37:08.336227,fused,True,32,0,5.15,95,-36,low,
2026-05-14T04:37:10.352039,fused,True,34,0,10.63,83,-36,low,
2026-05-14T04:37:12.377964,fused,True,25,0,9.16,90,-40,low,
2026-05-14T04:37:14.398377,fused,True,22,0,3.77,94,-41,low,
2026-05-14T04:37:16.417353,fused,True,32,0,8.65,89,-16,low,
2026-05-14T04:37:18.446182,fused,True,35,0,22.15,88,-41,low,
2026-05-14T04:37:33.072479,fused,False,0,0,0,0,0,low,
2026-05-14T04:37:35.064374,fused,False,0,0,0,0,0,low,
2026-05-14T04:37:37.055451,fused,False,0,0,0,0,0,low,
2026-05-14T04:37:39.049679,fused,False,0,0,0,0,0,low,
2026-05-14T04:37:41.128579,fused,False,0,0,0,0,0,low,
2026-05-14T04:37:43.047580,fused,False,0,0,0,0,0,low,
2026-05-14T04:37:45.062683,fused,False,0,0,0,0,0,low,
2026-05-14T04:37:47.166498,fused,False,0,0,0,0,0,low,
2026-05-14T04:37:49.118818,fused,False,0,0,0,0,0,low,
2026-05-14T04:37:51.050460,fused,False,0,0,0,0,0,low,
2026-05-14T04:37:53.050255,fused,False,0,0,0,0,0,low,
2026-05-14T04:37:55.080660,fused,False,0,0,0,0,0,low,
2026-05-14T04:37:57.101623,fused,False,0,0,0,0,0,low,
2026-05-14T04:37:59.052953,fused,False,0,0,0,0,0,low,
2026-05-14T04:38:01.102336,fused,False,0,0,0,0,0,low,
2026-05-14T04:38:03.142561,fused,False,0,0,0,0,0,low,
2026-05-14T04:38:05.090694,fused,False,0,0,0,0,0,low,
2026-05-14T04:38:06.274549,fused,True,0,0,2.79,88,-40,low,
2026-05-14T04:38:07.063354,fused,True,0,0,2.79,88,-40,low,
2026-05-14T04:38:08.296366,fused,True,0,0,8.41,86,-40,low,
2026-05-14T04:38:09.056174,fused,True,0,0,8.41,86,-40,low,
2026-05-14T04:38:10.318983,fused,True,0,0,2.82,93,-41,low,
2026-05-14T04:38:11.055964,fused,True,0,0,2.82,93,-41,low,
2026-05-14T04:38:12.334858,fused,True,0,0,5.14,93,-40,low,
2026-05-14T04:38:13.080898,fused,True,0,0,5.14,93,-40,low,
2026-05-14T04:38:14.362357,fused,True,0,0,3.11,81,-40,low,
2026-05-14T04:38:15.123838,fused,True,0,0,3.11,81,-40,low,
2026-05-14T04:38:16.377499,fused,True,0,0,7.28,79,-40,low,
2026-05-14T04:38:17.048840,fused,True,0,0,7.28,79,-40,low,
2026-05-14T04:38:18.393169,fused,True,0,0,7.6,88,-70,low,
2026-05-14T04:38:19.042996,fused,True,0,0,7.6,88,-70,low,
2026-05-14T04:38:20.419229,fused,True,0,0,2.97,97,-39,low,
2026-05-14T04:38:22.444834,fused,True,0,0,14.56,95,-81,low,
2026-05-14T04:38:24.474500,fused,True,0,0,16.03,102,-41,low,
2026-05-14T04:38:26.500886,fused,True,0,0,5.45,95,-40,low,
2026-05-14T04:38:28.523976,fused,True,0,0,9.58,95,-40,low,
2026-05-14T04:38:30.551780,fused,True,0,0,4.99,106,-41,low,
2026-05-14T04:38:32.576641,fused,True,0,0,6.19,101,-42,low,
2026-05-14T04:38:34.594825,fused,True,0,0,17.67,87,-41,low,
2026-05-14T04:38:36.622699,fused,True,0,0,17.82,96,-40,low,
2026-05-14T04:38:38.648138,fused,True,0,0,2.49,96,-36,low,
2026-05-14T04:38:40.668806,fused,True,0,0,10.26,91,-36,low,
2026-05-14T04:38:42.689216,fused,True,0,0,12.9,92,-35,low,
2026-05-14T04:38:44.710190,fused,True,0,0,5.34,82,-34,low,
2026-05-14T04:38:46.734065,fused,True,0,0,9.89,76,-36,low,
2026-05-14T04:38:48.757382,fused,True,0,0,15.15,89,-35,low,
2026-05-14T04:38:50.786816,fused,True,0,0,2.78,79,-39,low,
2026-05-14T04:38:52.815327,fused,True,0,0,21.89,82,-92,low,
2026-05-14T04:38:54.843841,fused,True,0,0,6.35,86,-35,low,
2026-05-14T04:38:56.864181,fused,True,0,0,5.72,89,-35,low,
2026-05-14T04:38:58.885120,fused,True,0,0,8.51,91,-34,low,
2026-05-14T04:39:00.913362,fused,True,0,0,5.08,93,-35,low,
2026-05-14T04:39:02.942173,fused,True,0,0,11.27,91,-39,low,
2026-05-14T04:39:04.961589,fused,True,0,0,4.64,85,-36,low,
2026-05-14T04:39:06.979615,fused,True,0,0,8.92,92,-35,low,
2026-05-14T04:39:09.010174,fused,True,0,0,10.29,94,-35,low,
2026-05-14T04:39:11.040150,fused,True,0,0,7.83,83,-89,low,
2026-05-14T04:39:13.033477,fused,True,0,0,7.83,83,-89,low,
2026-05-14T04:39:13.059573,fused,True,0,0,8.27,79,-35,low,
2026-05-14T04:39:15.077689,fused,True,0,0,2.49,84,-38,low,
2026-05-14T04:39:15.079796,fused,True,0,0,2.49,84,-38,low,
2026-05-14T04:39:17.084349,fused,True,0,0,2.49,84,-38,low,
2026-05-14T04:39:17.096274,fused,True,0,0,9.93,93,-89,low,
2026-05-14T04:39:19.015909,fused,True,0,0,9.93,93,-89,low,
2026-05-14T04:39:19.116470,fused,True,0,0,3.43,91,-34,low,
2026-05-14T04:39:21.033342,fused,True,0,0,3.43,91,-34,low,
2026-05-14T04:39:21.122374,fused,True,0,0,4.02,84,-41,low,
2026-05-14T04:39:23.122279,fused,True,0,0,4.02,84,-41,low,
2026-05-14T04:39:23.146619,fused,True,0,0,9.59,92,-40,low,
2026-05-14T04:39:25.130200,fused,True,0,0,9.59,92,-40,low,
2026-05-14T04:39:25.163315,fused,True,0,0,2.42,95,-40,low,
2026-05-14T04:39:27.010905,fused,True,0,0,2.42,95,-40,low,
2026-05-14T04:39:27.168367,fused,True,0,0,3.27,102,-41,low,
2026-05-14T04:39:29.062876,fused,True,0,0,3.27,102,-41,low,
2026-05-14T04:39:29.193980,fused,True,0,0,7.51,90,-40,low,
2026-05-14T04:39:31.024490,fused,True,0,0,7.51,90,-40,low,
2026-05-14T04:39:31.220090,fused,True,0,0,16.92,82,-40,low,
2026-05-14T04:39:33.056739,fused,True,0,0,16.92,82,-40,low,
2026-05-14T04:39:33.239281,fused,True,0,0,4.29,74,-40,low,
2026-05-14T04:39:35.148619,fused,True,0,0,4.29,74,-40,low,
2026-05-14T04:39:35.253716,fused,True,0,0,7.8,89,-40,low,
2026-05-14T04:39:37.048218,fused,True,0,0,7.8,89,-40,low,
2026-05-14T04:39:37.277658,fused,True,0,0,6.1,97,-41,low,
2026-05-14T04:39:39.015844,fused,True,0,0,6.1,97,-41,low,
2026-05-14T04:39:39.304320,fused,True,0,0,7.78,90,-40,low,
2026-05-14T04:39:41.046342,fused,True,0,0,7.78,90,-40,low,
2026-05-14T04:39:41.329028,fused,True,0,0,8.57,110,-40,low,
2026-05-14T04:39:43.006165,fused,True,0,0,8.57,110,-40,low,
2026-05-14T04:39:43.357981,fused,True,0,0,13.0,107,-42,low,
2026-05-14T04:39:45.096875,fused,True,0,0,13.0,107,-42,low,
2026-05-14T04:39:45.377283,fused,True,0,0,4.83,95,-40,low,
2026-05-14T04:39:47.091457,fused,True,0,0,4.83,95,-40,low,
2026-05-14T04:39:47.406119,fused,True,0,0,3.96,87,-88,low,
2026-05-14T04:39:49.026664,fused,True,0,0,3.96,87,-88,low,
2026-05-14T04:39:49.425264,fused,True,0,0,2.8,91,-39,low,
2026-05-14T04:39:51.018190,fused,True,0,0,2.8,91,-39,low,
2026-05-14T04:39:51.447410,fused,True,0,0,12.65,87,-40,low,
2026-05-14T04:39:53.011688,fused,True,0,0,12.65,87,-40,low,
2026-05-14T04:39:53.469568,fused,True,0,0,5.88,85,-76,low,
2026-05-14T04:39:55.117955,fused,True,0,0,5.88,85,-76,low,
2026-05-14T04:39:55.503520,fused,True,0,0,10.48,89,-40,low,
2026-05-14T04:39:57.015063,fused,True,0,0,10.48,89,-40,low,
2026-05-14T04:39:57.520014,fused,True,0,0,5.33,80,-40,low,
2026-05-14T04:39:59.012017,fused,True,0,0,5.33,80,-40,low,
2026-05-14T04:39:59.547340,fused,True,0,0,14.43,84,-40,low,
2026-05-14T04:40:01.023024,fused,True,0,0,14.43,84,-40,low,
2026-05-14T04:40:01.568974,fused,True,0,0,6.19,77,-40,low,
2026-05-14T04:40:03.055973,fused,True,0,0,6.19,77,-40,low,
2026-05-14T04:40:03.591271,fused,True,0,0,9.71,96,-39,low,
2026-05-14T04:40:05.210231,fused,True,0,0,9.71,96,-39,low,
2026-05-14T04:40:05.621355,fused,True,0,0,1.67,99,-40,low,
2026-05-14T04:40:07.059804,fused,True,0,0,1.67,99,-40,low,
2026-05-14T04:40:07.650466,fused,True,0,0,11.17,92,-40,low,
2026-05-14T04:40:09.049122,fused,True,0,0,11.17,92,-40,low,
2026-05-14T04:40:09.656480,fused,True,0,0,34.29,105,-39,low,
2026-05-14T04:40:11.016390,fused,True,0,0,34.29,105,-39,low,
2026-05-14T04:40:11.679022,fused,True,0,0,16.72,97,-40,low,
2026-05-14T04:40:13.013200,fused,True,0,0,16.72,97,-40,low,
2026-05-14T04:40:13.706298,fused,True,0,0,11.04,87,-40,low,
2026-05-14T04:40:15.139271,fused,True,0,0,11.04,87,-40,low,
2026-05-14T04:40:15.728414,fused,True,0,0,3.37,75,-39,low,
2026-05-14T04:40:17.092069,fused,True,0,0,3.37,75,-39,low,
2026-05-14T04:40:17.751245,fused,True,0,0,2.45,72,-40,low,
2026-05-14T04:40:19.041632,fused,True,0,0,2.45,72,-40,low,
2026-05-14T04:40:19.774515,fused,True,0,0,26.78,88,-40,low,
2026-05-14T04:40:21.017994,fused,True,0,0,26.78,88,-40,low,
2026-05-14T04:40:21.780883,fused,True,0,0,6.92,89,-70,low,
2026-05-14T04:40:23.130965,fused,True,0,0,6.92,89,-70,low,
2026-05-14T04:40:23.810421,fused,True,0,0,4.77,92,-40,low,
2026-05-14T04:40:25.179539,fused,True,0,0,4.77,92,-40,low,
2026-05-14T04:40:25.838306,fused,True,0,0,3.92,97,-89,low,
2026-05-14T04:40:27.122107,fused,True,0,0,3.92,97,-89,low,
2026-05-14T04:40:27.867822,fused,True,0,0,9.28,99,-73,low,
2026-05-14T04:40:29.080755,fused,True,0,0,9.28,99,-73,low,
2026-05-14T04:40:29.885124,fused,True,0,0,5.61,100,-40,low,
2026-05-14T04:40:31.017501,fused,True,0,0,5.61,100,-40,low,
2026-05-14T04:40:31.903698,fused,True,0,0,6.2,94,-74,low,
2026-05-14T04:40:33.021966,fused,True,0,0,6.2,94,-74,low,
2026-05-14T04:40:33.923483,fused,True,0,0,9.18,92,-40,low,
2026-05-14T04:40:35.214766,fused,True,0,0,9.18,92,-40,low,
2026-05-14T04:40:35.944332,fused,True,0,0,4.99,90,-41,low,
2026-05-14T04:40:37.022636,fused,True,0,0,4.99,90,-41,low,
2026-05-14T04:40:37.961900,fused,True,0,0,8.35,96,-41,low,
2026-05-14T04:40:39.031418,fused,True,0,0,8.35,96,-41,low,
2026-05-14T04:40:39.990587,fused,True,0,0,5.23,97,-40,low,
2026-05-14T04:40:41.047578,fused,True,0,0,5.23,97,-40,low,
2026-05-14T04:40:42.009901,fused,True,0,0,4.19,99,-40,low,
2026-05-14T04:40:43.021160,fused,True,0,0,4.19,99,-40,low,
2026-05-14T04:40:44.036023,fused,True,0,0,14.13,87,-40,low,
2026-05-14T04:40:45.247527,fused,True,0,0,14.13,87,-40,low,
2026-05-14T04:40:46.060374,fused,True,0,0,6.7,81,-41,low,
2026-05-14T04:40:47.005470,fused,True,0,0,6.7,81,-41,low,
2026-05-14T04:40:48.090677,fused,True,0,0,4.25,93,-41,low,
2026-05-14T04:40:49.041173,fused,True,0,0,4.25,93,-41,low,
2026-05-14T04:40:50.116620,fused,True,0,0,23.96,103,-40,low,
2026-05-14T04:40:51.004651,fused,True,0,0,23.96,103,-40,low,
2026-05-14T04:40:52.144217,fused,True,0,0,13.39,92,-40,low,
2026-05-14T04:40:53.028783,fused,True,0,0,13.39,92,-40,low,
2026-05-14T04:40:54.159788,fused,True,0,0,23.47,80,-40,low,
2026-05-14T04:40:55.179389,fused,True,0,0,23.47,80,-40,low,
2026-05-14T04:40:56.188400,fused,True,0,0,5.11,80,-40,low,
2026-05-14T04:40:57.012335,fused,True,0,0,5.11,80,-40,low,
2026-05-14T04:40:58.212740,fused,True,0,0,4.07,78,-36,low,
2026-05-14T04:40:59.070390,fused,True,0,0,4.07,78,-36,low,
2026-05-14T04:41:00.239861,fused,True,0,0,2.8,79,-41,low,
2026-05-14T04:41:01.119508,fused,True,0,0,2.8,79,-41,low,
2026-05-14T04:41:02.264365,fused,True,0,0,2.1,74,-41,low,
2026-05-14T04:41:03.066045,fused,True,0,0,2.1,74,-41,low,
2026-05-14T04:41:04.287810,fused,True,0,0,2.24,76,-40,low,
2026-05-14T04:41:05.157688,fused,True,0,0,2.24,76,-40,low,
2026-05-14T04:41:06.316713,fused,True,0,0,5.53,83,-36,low,
2026-05-14T04:41:07.020158,fused,True,0,0,5.53,83,-36,low,
2026-05-14T04:41:08.347027,fused,True,0,0,4.28,88,-36,low,
2026-05-14T04:41:09.015135,fused,True,0,0,4.28,88,-36,low,
2026-05-14T04:41:10.377372,fused,True,0,0,3.23,85,-40,low,
2026-05-14T04:41:11.015207,fused,True,0,0,3.23,85,-40,low,
2026-05-14T04:41:12.399141,fused,True,0,0,6.38,89,-39,low,
2026-05-14T04:41:13.035561,fused,True,0,0,6.38,89,-39,low,
2026-05-14T04:41:14.422795,fused,True,0,0,10.06,98,-40,low,
2026-05-14T04:41:15.147914,fused,True,0,0,10.06,98,-40,low,
2026-05-14T04:41:16.447280,fused,True,0,0,8.51,102,-40,low,
2026-05-14T04:41:17.022992,fused,True,0,0,8.51,102,-40,low,
2026-05-14T04:41:18.475141,fused,True,0,0,9.24,94,-40,low,
2026-05-14T04:41:19.042663,fused,True,0,0,9.24,94,-40,low,
2026-05-14T04:41:20.491439,fused,True,0,0,3.03,102,-40,low,
2026-05-14T04:41:21.028797,fused,True,0,0,3.03,102,-40,low,
2026-05-14T04:41:22.511759,fused,True,0,0,7.43,99,-40,low,
2026-05-14T04:41:23.009336,fused,True,0,0,7.43,99,-40,low,
2026-05-14T04:41:24.537614,fused,True,0,0,6.67,81,-40,low,
2026-05-14T04:41:25.072659,fused,True,0,0,6.67,81,-40,low,
2026-05-14T04:41:26.553006,fused,True,0,0,6.25,83,-69,low,
2026-05-14T04:41:27.003431,fused,True,0,0,6.25,83,-69,low,
2026-05-14T04:41:28.583685,fused,True,0,0,4.33,86,-36,low,
2026-05-14T04:41:29.005958,fused,True,0,0,4.33,86,-36,low,
2026-05-14T04:41:30.599140,fused,True,0,0,7.54,93,-40,low,
2026-05-14T04:41:31.026451,fused,True,0,0,7.54,93,-40,low,
2026-05-14T04:41:32.614497,fused,True,0,0,6.29,86,-40,low,
2026-05-14T04:41:33.068497,fused,True,0,0,6.29,86,-40,low,
2026-05-14T04:41:34.635602,fused,True,0,0,2.21,84,-40,low,
2026-05-14T04:41:35.167454,fused,True,0,0,2.21,84,-40,low,
2026-05-14T04:41:36.660681,fused,True,0,0,4.54,82,-40,low,
2026-05-14T04:41:37.005996,fused,True,0,0,4.54,82,-40,low,
2026-05-14T04:41:38.682485,fused,True,0,0,7.93,102,-40,low,
2026-05-14T04:41:39.028295,fused,True,0,0,7.93,102,-40,low,
2026-05-14T04:41:40.697106,fused,True,0,0,1.09,94,-39,low,
2026-05-14T04:41:41.021771,fused,True,0,0,1.09,94,-39,low,
2026-05-14T04:41:42.726773,fused,True,0,0,6.41,89,-40,low,
2026-05-14T04:41:43.041278,fused,True,0,0,6.41,89,-40,low,
2026-05-14T04:41:44.731612,fused,True,0,0,13.64,90,-40,low,
2026-05-14T04:41:45.096242,fused,True,0,0,13.64,90,-40,low,
2026-05-14T04:41:46.758104,fused,True,0,0,9.01,78,-40,low,
2026-05-14T04:41:47.017045,fused,True,0,0,9.01,78,-40,low,
2026-05-14T04:41:48.787716,fused,True,0,0,3.01,85,-39,low,
2026-05-14T04:41:49.256290,fused,True,0,0,3.01,85,-39,low,
2026-05-14T04:41:50.816067,fused,True,0,0,5.11,91,-41,low,
2026-05-14T04:41:51.026615,fused,True,0,0,5.11,91,-41,low,
2026-05-14T04:41:52.840985,fused,True,0,0,9.86,92,-40,low,
2026-05-14T04:41:53.040014,fused,True,0,0,9.86,92,-40,low,
2026-05-14T04:41:54.868830,fused,True,0,0,4.27,90,-40,low,
2026-05-14T04:41:55.136260,fused,True,0,0,4.27,90,-40,low,
2026-05-14T04:41:56.897678,fused,True,0,0,4.49,87,-69,low,
2026-05-14T04:41:57.009662,fused,True,0,0,4.49,87,-69,low,
2026-05-14T04:41:58.918557,fused,True,0,0,2.8,92,-36,low,
2026-05-14T04:41:59.079089,fused,True,0,0,2.8,92,-36,low,
2026-05-14T04:42:00.937625,fused,True,0,0,7.0,95,-40,low,
2026-05-14T04:42:01.129145,fused,True,0,0,7.0,95,-40,low,
2026-05-14T04:42:02.961219,fused,True,0,0,9.14,85,-40,low,
2026-05-14T04:42:03.053146,fused,True,0,0,9.14,85,-40,low,
2026-05-14T04:42:04.991097,fused,True,0,0,8.81,72,-40,low,
2026-05-14T04:42:05.186047,fused,True,0,0,8.81,72,-40,low,
2026-05-14T04:42:06.997104,fused,True,0,0,22.44,82,-39,low,
2026-05-14T04:42:07.013588,fused,True,0,0,22.44,82,-39,low,
2026-05-14T04:42:09.012947,fused,True,0,0,3.06,80,-36,low,
2026-05-14T04:42:09.114955,fused,True,0,0,3.06,80,-36,low,
2026-05-14T04:42:11.008935,fused,True,0,0,3.06,80,-36,low,
2026-05-14T04:42:11.036929,fused,True,0,0,3.13,66,-40,low,
2026-05-14T04:42:13.018311,fused,True,0,0,3.13,66,-40,low,
2026-05-14T04:42:13.058306,fused,True,0,0,13.73,81,-40,low,
2026-05-14T04:42:15.159865,fused,True,0,0,13.73,81,-40,low,
2026-05-14T04:45:45.989914,fused,True,28,0,5.78,67,-35,low,
2026-05-14T04:45:48.012215,fused,True,24,0,16.8,80,-35,low,
2026-05-14T04:45:50.043614,fused,True,27,0,4.12,86,-35,low,
2026-05-14T04:45:52.068074,fused,True,23,0,8.8,88,-40,low,
2026-05-14T04:45:54.089145,fused,True,15,0,4.59,87,-71,low,
2026-05-14T04:45:56.118518,fused,True,14,0,6.16,98,-41,low,
2026-05-14T04:45:58.125098,fused,True,19,0,2.75,96,-39,low,
2026-05-14T04:46:00.131942,fused,True,18,0,4.36,100,-36,low,
2026-05-14T04:46:02.156159,fused,True,20,0,4.5,86,-39,low,
2026-05-14T04:46:04.174667,fused,True,18,0,10.49,76,-38,low,
2026-05-14T04:46:06.193740,fused,True,21,0,4.63,74,-39,low,
2026-05-14T04:46:08.222954,fused,True,25,0,4.94,73,-89,low,
2026-05-14T04:46:10.244877,fused,True,27,0,14.05,78,-36,low,
2026-05-14T04:46:12.269457,fused,True,31,0,2.63,89,-87,low,
2026-05-14T04:46:14.298495,fused,True,22,0,8.82,93,-76,low,
2026-05-14T04:46:16.322069,fused,True,20,0,18.4,89,-35,low,
2026-05-14T04:46:18.340876,fused,True,31,0,8.15,72,-41,low,
2026-05-14T04:46:20.358241,fused,True,32,0,7.36,76,-40,low,
2026-05-14T04:46:22.376226,fused,True,24,0,12.43,78,-40,low,
2026-05-14T04:46:24.392470,fused,True,28,0,10.04,80,-73,low,
2026-05-14T04:46:26.422514,fused,True,22,0,5.79,79,-40,low,
2026-05-14T04:46:26.626768,fused,True,0,24,5.79,79,-40,low,
2026-05-14T04:46:28.440679,fused,True,0,24,3.99,91,-40,low,
2026-05-14T04:46:28.445135,fused,True,1,49,3.99,91,-40,low,
2026-05-14T04:46:30.438410,fused,True,1,74,3.99,91,-40,low,
2026-05-14T04:46:30.463974,fused,True,1,74,5.2,99,-40,low,
2026-05-14T04:46:32.492208,fused,True,1,74,0.22,92,-40,low,
2026-05-14T04:46:32.500777,fused,True,2,99,0.22,92,-40,low,
2026-05-14T04:46:34.439299,fused,True,2,123,0.22,92,-40,low,
2026-05-14T04:46:34.520921,fused,True,2,123,2.4,91,-40,low,
2026-05-14T04:46:36.527256,fused,True,2,123,23.32,88,-40,low,
2026-05-14T04:46:36.713896,fused,True,3,148,23.32,88,-40,low,
2026-05-14T04:46:38.442558,fused,True,4,173,23.32,88,-40,low,
2026-05-14T04:46:38.545007,fused,True,4,173,2.67,106,-71,low,
2026-05-14T04:46:40.460753,fused,True,4,198,2.67,106,-71,low,
2026-05-14T04:46:40.567127,fused,True,4,198,12.58,112,-85,low,
2026-05-14T04:46:42.438701,fused,True,5,223,12.58,112,-85,low,
2026-05-14T04:46:42.587153,fused,True,5,223,3.79,102,-69,low,
2026-05-14T04:46:44.478775,fused,True,5,248,3.79,102,-69,low,
2026-05-14T04:46:44.608997,fused,True,5,248,6.24,105,-36,low,
2026-05-14T04:46:46.440463,fused,True,5,248,6.24,105,-36,low,
2026-05-14T04:46:46.638185,fused,True,5,248,6.73,115,-36,low,
2026-05-14T04:46:48.471952,fused,True,5,248,6.73,115,-36,low,
2026-05-14T04:46:48.661389,fused,True,5,248,4.5,90,-36,low,
2026-05-14T04:46:50.436426,fused,True,5,248,4.5,90,-36,low,
2026-05-14T04:46:50.689317,fused,True,5,248,3.98,89,-39,low,
2026-05-14T04:46:52.467411,fused,True,5,248,3.98,89,-39,low,
2026-05-14T04:46:52.714776,fused,True,5,248,3.25,87,-39,low,
2026-05-14T04:46:54.435814,fused,True,5,248,3.25,87,-39,low,
2026-05-14T04:46:54.737787,fused,True,5,248,7.29,93,-39,low,
2026-05-14T04:46:56.464183,fused,True,5,248,7.29,93,-39,low,
2026-05-14T04:46:56.767027,fused,True,5,248,1.06,90,-36,low,
2026-05-14T04:46:58.441037,fused,True,5,248,1.06,90,-36,low,
2026-05-14T04:46:58.796176,fused,True,5,248,3.91,92,-35,low,
2026-05-14T04:47:00.440252,fused,True,5,248,3.91,92,-35,low,
2026-05-14T04:47:00.820366,fused,True,5,248,2.74,83,-36,low,
2026-05-14T04:47:02.444343,fused,True,5,248,2.74,83,-36,low,
2026-05-14T04:47:02.843880,fused,True,5,248,7.06,77,-39,low,
2026-05-14T04:47:04.550830,fused,True,5,248,7.06,77,-39,low,
2026-05-14T04:47:04.863594,fused,True,5,248,3.47,77,-91,low,
2026-05-14T04:47:06.431166,fused,True,5,248,3.47,77,-91,low,
2026-05-14T04:47:06.890752,fused,True,5,248,1.01,86,-39,low,
2026-05-14T04:47:08.434885,fused,True,5,247,1.01,86,-39,low,
2026-05-14T04:47:08.911725,fused,True,5,247,6.05,84,-36,low,
2026-05-14T04:47:10.436181,fused,True,5,247,6.05,84,-36,low,
2026-05-14T04:47:10.917937,fused,True,5,247,0.0,89,-39,low,
2026-05-14T04:47:12.453630,fused,True,5,247,0.0,89,-39,low,
2026-05-14T04:47:12.945265,fused,True,5,247,4.13,86,-39,low,
2026-05-14T04:47:14.484258,fused,True,5,247,4.13,86,-39,low,
2026-05-14T04:47:14.964757,fused,True,5,247,4.29,88,-39,low,
2026-05-14T04:47:16.446185,fused,True,5,247,4.29,88,-39,low,
2026-05-14T04:47:16.991874,fused,True,5,247,10.35,97,-39,low,
2026-05-14T04:47:18.474915,fused,True,5,247,10.35,97,-39,low,
2026-05-14T04:47:19.016089,fused,True,5,247,11.17,99,-88,low,
2026-05-14T04:47:20.444409,fused,True,5,247,11.17,99,-88,low,
2026-05-14T04:47:21.039998,fused,True,5,247,9.59,90,-36,low,
2026-05-14T04:47:22.435564,fused,True,5,247,9.59,90,-36,low,
2026-05-14T04:47:23.064009,fused,True,5,247,5.08,84,-35,low,
2026-05-14T04:47:24.434276,fused,True,5,247,5.08,84,-35,low,
2026-05-14T04:47:25.080404,fused,True,5,247,5.26,100,-87,low,
2026-05-14T04:47:26.463514,fused,True,5,247,5.26,100,-87,low,
2026-05-14T04:47:27.097593,fused,True,5,247,5.08,95,-38,low,
2026-05-14T04:47:28.443934,fused,True,5,247,5.08,95,-38,low,
2026-05-14T04:47:29.119241,fused,True,5,247,3.13,84,-35,low,
2026-05-14T04:47:30.434436,fused,True,5,247,3.13,84,-35,low,
2026-05-14T04:47:31.147600,fused,True,5,247,14.29,89,-35,low,
2026-05-14T04:47:32.435766,fused,True,5,247,14.29,89,-35,low,
2026-05-14T04:47:33.167088,fused,True,5,247,6.07,97,-38,low,
2026-05-14T04:47:34.433778,fused,True,5,247,6.07,97,-38,low,
2026-05-14T04:47:35.188054,fused,True,5,247,3.39,88,-38,low,
2026-05-14T04:47:37.212811,fused,True,5,247,4.44,77,-38,low,
2026-05-14T04:47:38.546285,fused,True,5,247,4.44,77,-38,low,
2026-05-14T04:47:39.241255,fused,True,5,247,5.04,73,-38,low,
2026-05-14T04:47:40.436409,fused,True,5,247,5.04,73,-38,low,
2026-05-14T04:47:41.257466,fused,True,5,247,4.85,65,-35,low,
2026-05-14T04:47:42.440064,fused,True,5,247,4.85,65,-35,low,
2026-05-14T04:47:43.274799,fused,True,5,247,8.94,73,-38,low,
2026-05-14T04:47:44.445132,fused,True,5,247,8.94,73,-38,low,
2026-05-14T04:47:45.296606,fused,True,5,247,4.1,92,-80,low,
2026-05-14T04:47:46.448807,fused,True,5,247,4.1,92,-80,low,
2026-05-14T04:47:47.316741,fused,True,5,247,4.6,102,-38,low,
2026-05-14T04:47:48.480285,fused,True,5,247,4.6,102,-38,low,
2026-05-14T04:47:49.343492,fused,True,5,247,5.82,96,-36,low,
2026-05-14T04:47:50.446802,fused,True,5,247,5.82,96,-36,low,
2026-05-14T04:47:51.372318,fused,True,5,247,11.44,82,-36,low,
2026-05-14T04:47:52.443396,fused,True,5,247,11.44,82,-36,low,
2026-05-14T04:47:53.393469,fused,True,5,247,6.12,76,-86,low,
2026-05-14T04:47:54.437521,fused,True,5,247,6.12,76,-86,low,
2026-05-14T04:47:55.415095,fused,True,5,247,20.08,71,-87,low,
2026-05-14T04:47:56.467908,fused,True,5,246,20.08,71,-87,low,
2026-05-14T04:47:57.431304,fused,True,5,246,8.26,69,-36,low,
2026-05-14T04:47:58.435569,fused,True,5,246,8.26,69,-36,low,
2026-05-14T04:47:59.445640,fused,True,5,246,16.0,77,-36,low,
2026-05-14T04:48:00.461260,fused,True,5,246,16.0,77,-36,low,
2026-05-14T04:48:01.464743,fused,True,5,246,3.32,84,-87,low,
2026-05-14T04:48:02.511557,fused,True,6,246,3.32,84,-87,low,
2026-05-14T04:48:03.489648,fused,True,6,246,4.84,85,-91,low,
2026-05-14T04:48:04.440893,fused,True,6,246,4.84,85,-91,low,
2026-05-14T04:48:05.515869,fused,True,6,246,3.26,84,-79,low,
2026-05-14T04:48:06.434392,fused,True,6,246,3.26,84,-79,low,
2026-05-14T04:48:07.533118,fused,True,6,246,3.26,81,-39,low,
2026-05-14T04:48:08.464970,fused,True,6,246,3.26,81,-39,low,
2026-05-14T04:48:09.539874,fused,True,6,246,1.49,77,-36,low,
2026-05-14T04:48:10.442201,fused,True,6,246,1.49,77,-36,low,
2026-05-14T04:48:11.565641,fused,True,6,246,5.38,73,-91,low,
2026-05-14T04:48:12.444683,fused,True,6,246,5.38,73,-91,low,
2026-05-14T04:48:13.584648,fused,True,6,246,2.32,78,-37,low,
2026-05-14T04:48:14.450400,fused,True,6,246,2.32,78,-37,low,
2026-05-14T04:48:15.590028,fused,True,6,246,20.45,82,-40,low,
2026-05-14T04:48:16.452503,fused,True,6,246,20.45,82,-40,low,
2026-05-14T04:48:17.620607,fused,True,6,246,8.87,90,-40,low,
2026-05-14T04:48:18.440414,fused,True,6,246,8.87,90,-40,low,
2026-05-14T04:48:19.641588,fused,True,6,246,12.87,89,-40,low,
2026-05-14T04:48:20.736137,fused,True,6,246,12.87,89,-40,low,
2026-05-14T04:48:21.661358,fused,True,6,246,5.41,91,-40,low,
2026-05-14T04:48:22.481044,fused,True,6,246,5.41,91,-40,low,
2026-05-14T04:48:23.677367,fused,True,6,246,7.63,86,-80,low,
2026-05-14T04:48:24.441270,fused,True,6,246,7.63,86,-80,low,
2026-05-14T04:48:25.683608,fused,True,6,246,7.17,80,-39,low,
2026-05-14T04:48:26.440138,fused,True,6,245,7.17,80,-39,low,
2026-05-14T04:48:27.702915,fused,True,6,245,5.03,70,-39,low,
2026-05-14T04:48:28.438096,fused,True,6,245,5.03,70,-39,low,
2026-05-14T04:48:29.732924,fused,True,6,245,9.13,76,-39,low,
2026-05-14T04:48:30.465624,fused,True,6,245,9.13,76,-39,low,
2026-05-14T04:48:31.757024,fused,True,6,245,31.96,83,-39,low,
2026-05-14T04:48:32.439944,fused,True,6,245,31.96,83,-39,low,
2026-05-14T04:48:33.762274,fused,True,6,245,2.66,95,-83,low,
2026-05-14T04:48:34.431299,fused,True,6,245,2.66,95,-83,low,
2026-05-14T04:48:35.787574,fused,True,6,245,3.02,110,-86,low,
2026-05-14T04:48:36.512326,fused,True,6,245,3.02,110,-86,low,
2026-05-14T04:48:37.794192,fused,True,6,245,3.33,103,-88,low,
2026-05-14T04:48:38.438600,fused,True,6,245,3.33,103,-88,low,
2026-05-14T04:48:39.823746,fused,True,6,245,2.38,96,-89,low,
2026-05-14T04:48:40.445072,fused,True,6,245,2.38,96,-89,low,
2026-05-14T04:48:41.849451,fused,True,6,245,3.24,84,-40,low,
2026-05-14T04:48:42.549600,fused,True,6,245,3.24,84,-40,low,
2026-05-14T04:48:43.856237,fused,True,6,245,10.54,83,-40,low,
2026-05-14T04:48:44.500956,fused,True,6,245,10.54,83,-40,low,
2026-05-14T04:48:45.886662,fused,True,6,245,1.91,97,-87,low,
2026-05-14T04:48:46.541496,fused,True,6,245,1.91,97,-87,low,
2026-05-14T04:48:47.915718,fused,True,6,245,4.0,107,-36,low,
2026-05-14T04:48:48.490372,fused,True,6,245,4.0,107,-36,low,
2026-05-14T04:48:49.941110,fused,True,6,245,0.1,100,-39,low,
2026-05-14T04:48:50.440971,fused,True,6,245,0.1,100,-39,low,
2026-05-14T04:48:51.957003,fused,True,6,245,22.16,96,-39,low,
2026-05-14T04:48:52.442863,fused,True,6,245,22.16,96,-39,low,
2026-05-14T04:48:53.982739,fused,True,6,245,10.32,84,-88,low,
2026-05-14T04:48:54.530724,fused,True,6,245,10.32,84,-88,low,
2026-05-14T04:48:56.007127,fused,True,6,245,2.99,81,-36,low,
2026-05-14T04:48:56.576209,fused,True,6,245,2.99,81,-36,low,
2026-05-14T04:48:58.036584,fused,True,6,245,4.17,91,-39,low,
2026-05-14T04:48:58.527575,fused,True,6,245,4.17,91,-39,low,
2026-05-14T04:49:00.067111,fused,True,6,245,6.19,88,-39,low,
2026-05-14T04:49:00.467661,fused,True,6,245,6.19,88,-39,low,
2026-05-14T04:49:02.087355,fused,True,6,245,3.63,83,-36,low,
2026-05-14T04:49:02.433393,fused,True,6,245,3.63,83,-36,low,
2026-05-14T04:49:04.112730,fused,True,6,245,3.79,93,-36,low,
2026-05-14T04:49:04.438824,fused,True,6,245,3.79,93,-36,low,
2026-05-14T04:49:06.135720,fused,True,6,245,7.42,89,-39,low,
2026-05-14T04:49:06.435321,fused,True,6,245,7.42,89,-39,low,
2026-05-14T04:49:08.161783,fused,True,6,245,10.03,79,-39,low,
2026-05-14T04:49:08.459617,fused,True,6,245,10.03,79,-39,low,
2026-05-14T04:49:10.181169,fused,True,6,245,3.25,93,-36,low,
2026-05-14T04:49:10.446737,fused,True,6,245,3.25,93,-36,low,
2026-05-14T04:49:12.202134,fused,True,6,245,7.62,87,-86,low,
2026-05-14T04:49:12.439705,fused,True,6,245,7.62,87,-86,low,
2026-05-14T04:49:14.208119,fused,True,6,245,14.23,97,-64,low,
2026-05-14T04:49:14.438831,fused,True,6,245,14.23,97,-64,low,
2026-05-14T04:49:16.213742,fused,True,6,245,9.02,97,-40,low,
2026-05-14T04:49:16.549330,fused,True,6,244,9.02,97,-40,low,
2026-05-14T04:49:18.236645,fused,True,6,244,14.8,80,-39,low,
2026-05-14T04:49:18.457421,fused,True,6,244,14.8,80,-39,low,
2026-05-14T04:49:20.257859,fused,True,6,244,2.42,78,-40,low,
2026-05-14T04:49:20.546686,fused,True,6,244,2.42,78,-40,low,
2026-05-14T04:49:22.278556,fused,True,6,244,3.22,87,-37,low,
2026-05-14T04:49:22.445974,fused,True,6,244,3.22,87,-37,low,
2026-05-14T04:49:24.296679,fused,True,6,244,3.94,93,-40,low,
2026-05-14T04:49:24.534308,fused,True,6,244,3.94,93,-40,low,
2026-05-14T04:49:26.316255,fused,True,6,244,5.58,88,-40,low,
2026-05-14T04:49:26.444945,fused,True,6,244,5.58,88,-40,low,
2026-05-14T04:49:28.344481,fused,True,6,244,4.62,79,-39,low,
2026-05-14T04:49:28.443951,fused,True,6,244,4.62,79,-39,low,
2026-05-14T04:49:30.368341,fused,True,6,244,8.82,84,-69,low,
2026-05-14T04:49:30.473867,fused,True,6,244,8.82,84,-69,low,
2026-05-14T04:49:32.374385,fused,True,6,244,10.94,81,-39,low,
2026-05-14T04:49:32.523720,fused,True,6,244,10.94,81,-39,low,
2026-05-14T04:49:34.394012,fused,True,6,244,19.46,75,-88,low,
2026-05-14T04:49:34.443461,fused,True,6,244,19.46,75,-88,low,
2026-05-14T04:49:36.416455,fused,True,6,244,3.86,82,-40,low,
2026-05-14T04:49:36.436732,fused,True,6,244,3.86,82,-40,low,
2026-05-14T04:49:38.441499,fused,True,6,244,4.77,98,-40,low,
2026-05-14T04:49:38.461939,fused,True,6,244,4.77,98,-40,low,
2026-05-14T04:49:40.439338,fused,True,6,244,4.77,98,-40,low,
2026-05-14T04:49:40.465480,fused,True,6,244,3.52,107,-88,low,
2026-05-14T04:49:42.453203,fused,True,6,244,3.52,107,-88,low,
2026-05-14T04:49:42.490127,fused,True,6,244,3.64,92,-86,low,
2026-05-14T04:49:44.446280,fused,True,6,244,3.64,92,-86,low,
2026-05-14T04:49:44.505777,fused,True,6,244,14.79,78,-40,low,
2026-05-14T04:49:46.531623,fused,True,6,244,14.01,80,-40,low,
2026-05-14T04:49:46.556110,fused,True,6,244,14.01,80,-40,low,
2026-05-14T04:49:48.495746,fused,True,6,244,14.01,80,-40,low,
2026-05-14T04:49:48.549283,fused,True,6,244,8.85,84,-39,low,
2026-05-14T04:49:50.547114,fused,True,6,244,8.85,84,-39,low,
2026-05-14T04:49:50.575095,fused,True,6,244,2.34,85,-40,low,
2026-05-14T04:49:52.450432,fused,True,6,244,2.34,85,-40,low,
2026-05-14T04:49:52.592462,fused,True,6,244,10.98,98,-39,low,
2026-05-14T04:49:54.454618,fused,True,6,244,10.98,98,-39,low,
2026-05-14T04:49:54.619475,fused,True,6,244,3.77,98,-40,low,
2026-05-14T04:49:56.489583,fused,True,6,244,3.77,98,-40,low,
2026-05-14T04:49:56.643416,fused,True,6,244,3.05,93,-40,low,
2026-05-14T04:49:58.536610,fused,True,6,244,3.05,93,-40,low,
2026-05-14T04:49:58.665815,fused,True,6,244,4.4,96,-89,low,
2026-05-14T04:50:00.476485,fused,True,6,243,4.4,96,-89,low,
2026-05-14T04:50:00.695371,fused,True,6,243,18.23,91,-40,low,
2026-05-14T04:50:02.450112,fused,True,6,243,18.23,91,-40,low,
2026-05-14T04:50:02.725826,fused,True,6,243,3.78,89,-40,low,
2026-05-14T04:50:04.440025,fused,True,6,243,3.78,89,-40,low,
2026-05-14T04:50:04.745770,fused,True,6,243,2.67,100,-89,low,
2026-05-14T04:50:06.523839,fused,True,6,243,2.67,100,-89,low,
2026-05-14T04:50:06.767614,fused,True,6,243,8.16,100,-39,low,
2026-05-14T04:50:08.440551,fused,True,6,243,8.16,100,-39,low,
2026-05-14T04:50:08.793053,fused,True,6,243,2.2,95,-40,low,
2026-05-14T04:50:10.441275,fused,True,6,243,2.2,95,-40,low,
2026-05-14T04:50:10.823563,fused,True,6,243,3.16,87,-40,low,
2026-05-14T04:50:12.458496,fused,True,6,243,3.16,87,-40,low,
2026-05-14T04:50:12.829352,fused,True,6,243,19.93,92,-40,low,
2026-05-14T04:50:14.437335,fused,True,6,243,19.93,92,-40,low,
2026-05-14T04:50:14.847613,fused,True,6,243,4.08,81,-40,low,
2026-05-14T04:50:16.442028,fused,True,6,243,4.08,81,-40,low,
2026-05-14T04:50:16.853346,fused,True,6,243,4.54,74,-40,low,
2026-05-14T04:50:18.502608,fused,True,6,243,4.54,74,-40,low,
2026-05-14T04:50:18.858843,fused,True,6,243,17.8,78,-40,low,
2026-05-14T04:50:20.553991,fused,True,6,243,17.8,78,-40,low,
2026-05-14T04:50:20.864442,fused,True,6,243,5.7,80,-39,low,
2026-05-14T04:50:22.497508,fused,True,6,243,5.7,80,-39,low,
2026-05-14T04:50:22.893647,fused,True,6,243,2.69,85,-40,low,
2026-05-14T04:50:24.456536,fused,True,6,243,2.69,85,-40,low,
2026-05-14T04:50:24.909690,fused,True,6,243,17.04,80,-83,low,
2026-05-14T04:50:26.447572,fused,True,6,243,17.04,80,-83,low,
2026-05-14T04:50:26.929433,fused,True,6,243,3.53,83,-40,low,
2026-05-14T04:50:28.538973,fused,True,6,243,3.53,83,-40,low,
2026-05-14T04:50:28.951706,fused,True,6,243,2.57,71,-74,low,
2026-05-14T04:50:30.443897,fused,True,6,243,2.57,71,-74,low,
2026-05-14T04:50:30.982176,fused,True,6,243,5.84,79,-38,low,
2026-05-14T04:50:32.445375,fused,True,6,243,5.84,79,-38,low,
2026-05-14T04:50:32.998406,fused,True,6,243,5.67,84,-38,low,
2026-05-14T04:50:34.474797,fused,True,6,243,5.67,84,-38,low,
2026-05-14T04:50:35.023797,fused,True,6,243,10.41,89,-38,low,
2026-05-14T04:50:36.436960,fused,True,6,243,10.41,89,-38,low,
2026-05-14T04:50:37.050213,fused,True,6,243,3.84,82,-35,low,
2026-05-14T04:50:38.436771,fused,True,6,243,3.84,82,-35,low,
2026-05-14T04:50:39.067106,fused,True,6,243,2.5,77,-38,low,
2026-05-14T04:50:40.448441,fused,True,6,243,2.5,77,-38,low,
2026-05-14T04:50:41.092809,fused,True,6,243,13.66,82,-38,low,
2026-05-14T04:50:42.462432,fused,True,6,243,13.66,82,-38,low,
2026-05-14T04:50:43.122442,fused,True,6,243,3.02,85,-35,low,
2026-05-14T04:50:44.441000,fused,True,6,243,3.02,85,-35,low,
2026-05-14T04:50:45.147376,fused,True,6,243,5.9,87,-34,low,
2026-05-14T04:50:46.438674,fused,True,6,243,5.9,87,-34,low,
2026-05-14T04:50:47.154059,fused,True,6,243,1.76,90,-34,low,
2026-05-14T04:50:48.444488,fused,True,6,243,1.76,90,-34,low,
2026-05-14T04:50:49.168820,fused,True,6,243,4.46,85,-34,low,
2026-05-14T04:50:50.444363,fused,True,6,243,4.46,85,-34,low,
2026-05-14T04:50:51.195358,fused,True,6,243,3.59,80,-37,low,
2026-05-14T04:50:52.446761,fused,True,6,243,3.59,80,-37,low,
2026-05-14T04:50:53.213732,fused,True,6,243,22.73,80,-37,low,
2026-05-14T04:50:54.546585,fused,True,6,243,22.73,80,-37,low,
2026-05-14T04:50:55.241953,fused,True,6,243,4.96,81,-12,low,
2026-05-14T04:50:56.439000,fused,True,6,243,4.96,81,-12,low,
2026-05-14T04:50:57.248672,fused,True,6,243,4.7,82,-40,low,
2026-05-14T04:50:58.449166,fused,True,6,243,4.7,82,-40,low,
2026-05-14T04:50:59.271315,fused,True,6,243,3.3,90,-39,low,
2026-05-14T04:51:00.450092,fused,True,6,243,3.3,90,-39,low,
2026-05-14T04:51:01.300737,fused,True,6,243,7.59,87,-40,low,
2026-05-14T04:51:02.537689,fused,True,6,243,7.59,87,-40,low,
2026-05-14T04:51:03.330022,fused,True,6,243,11.49,86,-39,low,
2026-05-14T04:51:04.482277,fused,True,6,242,11.49,86,-39,low,
2026-05-14T04:51:05.336057,fused,True,6,242,6.36,88,-39,low,
2026-05-14T04:51:06.443980,fused,True,6,242,6.36,88,-39,low,
2026-05-14T04:51:08.437455,fused,True,6,242,6.36,88,-39,low,
2026-05-14T04:53:05.034582,fused,True,21,0,3.82,93,-41,low,
2026-05-14T04:53:07.041059,fused,True,20,0,5.66,90,-40,low,
2026-05-14T04:53:09.055290,fused,True,25,0,4.31,97,-77,low,
2026-05-14T04:53:11.077728,fused,True,32,0,4.41,95,-73,low,
2026-05-14T04:53:13.107613,fused,True,33,0,10.22,88,-40,low,
2026-05-14T04:53:15.135274,fused,True,22,0,22.62,90,-36,low,
2026-05-14T04:53:17.140309,fused,True,29,0,4.85,87,-77,low,
2026-05-14T04:53:19.169726,fused,True,36,0,2.96,90,-39,low,
2026-05-14T04:53:21.188472,fused,True,40,0,2.35,90,-39,low,
2026-05-14T04:53:23.194292,fused,True,25,0,12.74,87,-40,low,
2026-05-14T04:53:25.199504,fused,True,22,0,11.02,110,-40,low,
2026-05-14T04:53:27.206240,fused,True,19,0,24.07,107,-79,low,
2026-05-14T04:53:29.212481,fused,True,30,0,4.32,94,-40,low,
2026-05-14T04:53:31.218354,fused,True,27,0,11.64,100,-40,low,
2026-05-14T04:53:33.239150,fused,True,33,0,7.87,107,-40,low,
2026-05-14T04:53:35.244311,fused,True,30,0,4.57,102,-91,low,
2026-05-14T04:53:37.268967,fused,True,38,0,4.76,88,-40,low,
2026-05-14T04:53:39.284844,fused,True,30,0,2.33,89,-40,low,
2026-05-14T04:53:41.290905,fused,True,21,0,11.66,94,-40,low,
2026-05-14T04:53:43.307378,fused,True,29,0,4.06,93,-40,low,
2026-05-14T04:53:45.325420,fused,True,32,0,4.96,91,-40,low,
2026-05-14T04:53:47.330245,fused,True,38,0,9.19,93,-37,low,
2026-05-14T04:53:49.351136,fused,True,29,0,4.41,97,-86,low,
2026-05-14T04:53:51.357449,fused,True,18,0,10.68,90,-36,low,
2026-05-14T04:53:53.361877,fused,True,22,0,10.93,87,-36,low,
2026-05-14T04:53:55.368409,fused,True,23,0,6.44,87,-90,low,
2026-05-14T04:53:57.373908,fused,True,30,0,4.73,93,-36,low,
2026-05-14T04:53:59.379343,fused,True,39,0,3.5,93,-36,low,
2026-05-14T04:54:01.385164,fused,True,29,0,3.82,95,-73,low,
2026-05-14T04:54:03.407683,fused,True,20,0,5.99,100,-39,low,
2026-05-14T04:54:05.436119,fused,True,27,0,3.84,97,-37,low,
2026-05-14T04:54:07.464865,fused,True,29,0,5.18,93,-36,low,
2026-05-14T04:54:09.480972,fused,True,34,0,3.33,94,-39,low,
2026-05-14T04:54:11.508746,fused,True,22,0,2.24,92,-88,low,
2026-05-14T04:54:13.531058,fused,True,15,0,20.08,107,-36,low,
2026-05-14T04:54:15.561457,fused,True,22,0,16.01,105,-36,low,
2026-05-14T04:54:17.577042,fused,True,29,0,4.49,100,-36,low,
2026-05-14T04:54:19.601174,fused,True,33,0,2.56,85,-39,low,
2026-05-14T04:54:21.557939,fused,True,0,-83,2.56,85,-39,low,
2026-05-14T04:54:21.607882,fused,True,0,-83,11.53,86,-40,low,
2026-05-14T04:54:23.337533,fused,True,1,-72,11.53,86,-40,low,
2026-05-14T04:54:23.631144,fused,True,1,-72,4.52,90,-40,low,
2026-05-14T04:54:25.336562,fused,True,1,-61,4.52,90,-40,low,
2026-05-14T04:54:25.659762,fused,True,1,-61,3.43,91,-37,low,
2026-05-14T04:54:27.356885,fused,True,2,-51,3.43,91,-37,low,
2026-05-14T04:54:27.688419,fused,False,2,-51,0.0,83,-40,low,
2026-05-14T04:54:29.388984,fused,False,3,-40,0.0,83,-40,low,
2026-05-14T04:54:29.694806,fused,True,3,-40,1.79,87,-40,low,
2026-05-14T04:54:31.356385,fused,True,3,-29,1.79,87,-40,low,
2026-05-14T04:54:31.709251,fused,True,3,-29,0.0,81,-40,low,
2026-05-14T04:54:33.339992,fused,True,4,-18,0.0,81,-40,low,
2026-05-14T04:54:33.735082,fused,True,4,-18,0.0,80,-40,low,
2026-05-14T04:54:35.351494,fused,True,4,-7,0.0,80,-40,low,
2026-05-14T04:54:35.750454,fused,True,4,-7,0.47,87,-40,low,
2026-05-14T04:54:37.394421,fused,True,5,2,0.47,87,-40,low,
2026-05-14T04:54:37.774086,fused,True,5,2,4.34,86,-40,low,
2026-05-14T04:54:39.342587,fused,True,6,13,4.34,86,-40,low,
2026-05-14T04:54:39.802690,fused,True,6,13,13.54,82,-74,low,
2026-05-14T04:54:41.334685,fused,True,6,13,13.54,82,-74,low,
2026-05-14T04:54:41.807641,fused,True,6,13,3.03,74,-37,low,
2026-05-14T04:54:43.338324,fused,True,6,13,3.03,74,-37,low,
2026-05-14T04:54:43.832803,fused,True,6,13,4.05,87,-41,low,
2026-05-14T04:54:45.334863,fused,True,6,13,4.05,87,-41,low,
2026-05-14T04:54:45.857891,fused,True,6,13,2.55,79,-41,low,
2026-05-14T04:54:47.413228,fused,True,6,13,2.55,79,-41,low,
2026-05-14T04:54:47.883193,fused,True,6,13,5.56,87,-87,low,
2026-05-14T04:54:49.335444,fused,True,6,13,5.56,87,-87,low,
2026-05-14T04:54:49.903519,fused,True,6,13,9.0,98,-88,low,
2026-05-14T04:54:51.346769,fused,True,6,13,9.0,98,-88,low,
2026-05-14T04:54:51.930507,fused,True,6,13,7.15,93,-40,low,
2026-05-14T04:54:53.341554,fused,True,6,13,7.15,93,-40,low,
2026-05-14T04:54:53.957381,fused,True,6,13,10.41,93,-36,low,
2026-05-14T04:54:55.335226,fused,True,6,13,10.41,93,-36,low,
2026-05-14T04:54:55.972089,fused,True,6,13,4.39,96,-36,low,
2026-05-14T04:54:57.450425,fused,True,6,13,4.39,96,-36,low,
2026-05-14T04:54:57.978670,fused,True,6,13,4.73,90,-83,low,
2026-05-14T04:54:59.392471,fused,True,6,13,4.73,90,-83,low,
2026-05-14T04:54:59.983568,fused,True,6,13,3.41,97,-36,low,
2026-05-14T04:55:01.356443,fused,True,6,13,3.41,97,-36,low,
2026-05-14T04:55:02.007933,fused,True,6,13,7.32,99,-36,low,
2026-05-14T04:55:03.336046,fused,True,6,13,7.32,99,-36,low,
2026-05-14T04:55:04.013912,fused,True,6,13,6.91,97,-40,low,
2026-05-14T04:55:05.348387,fused,True,6,13,6.91,97,-40,low,
2026-05-14T04:55:06.037268,fused,True,6,13,3.73,95,-40,low,
2026-05-14T04:55:07.380841,fused,True,6,13,3.73,95,-40,low,
2026-05-14T04:55:08.042322,fused,True,6,13,18.84,96,-37,low,
2026-05-14T04:55:09.348493,fused,True,6,12,18.84,96,-37,low,
2026-05-14T04:55:10.073190,fused,True,6,12,7.11,89,-39,low,
2026-05-14T04:55:11.344296,fused,True,6,12,7.11,89,-39,low,
2026-05-14T04:55:12.078826,fused,True,6,12,2.99,83,-40,low,
2026-05-14T04:55:13.342544,fused,True,6,12,2.99,83,-40,low,
2026-05-14T04:55:14.083984,fused,True,6,12,18.95,79,-37,low,
2026-05-14T04:55:15.342597,fused,True,6,12,18.95,79,-37,low,
2026-05-14T04:55:16.109784,fused,True,6,12,12.19,87,-84,low,
2026-05-14T04:55:17.569191,fused,True,6,12,12.19,87,-84,low,
2026-05-14T04:55:18.124509,fused,True,6,12,2.23,83,-39,low,
2026-05-14T04:55:19.463428,fused,True,6,12,2.23,83,-39,low,
2026-05-14T04:55:20.149714,fused,True,6,12,4.13,80,-35,low,
2026-05-14T04:55:21.412609,fused,True,6,12,4.13,80,-35,low,
2026-05-14T04:55:22.167329,fused,True,6,12,3.06,86,-37,low,
2026-05-14T04:55:23.457097,fused,True,6,12,3.06,86,-37,low,
2026-05-14T04:55:24.172529,fused,True,6,12,3.49,89,-37,low,
2026-05-14T04:55:25.347026,fused,True,6,12,3.49,89,-37,low,
2026-05-14T04:55:26.194016,fused,True,6,12,4.44,95,-34,low,
2026-05-14T04:55:27.451374,fused,True,6,12,4.44,95,-34,low,
2026-05-14T04:55:28.210598,fused,True,6,12,7.79,93,-34,low,
2026-05-14T04:55:29.397388,fused,True,6,12,7.79,93,-34,low,
2026-05-14T04:55:30.229899,fused,True,6,12,5.39,97,-34,low,
2026-05-14T04:55:31.338701,fused,True,6,12,5.39,97,-34,low,
2026-05-14T04:55:32.253161,fused,True,6,12,4.74,103,-35,low,
2026-05-14T04:55:33.347675,fused,True,6,12,4.74,103,-35,low,
2026-05-14T04:55:34.276144,fused,True,6,12,9.8,104,-40,low,
2026-05-14T04:55:35.439637,fused,True,6,12,9.8,104,-40,low,
2026-05-14T04:55:36.293269,fused,True,6,12,3.53,92,-40,low,
2026-05-14T04:55:37.387186,fused,True,6,12,3.53,92,-40,low,
2026-05-14T04:55:38.309429,fused,True,6,12,8.4,95,-40,low,
2026-05-14T04:55:39.334532,fused,True,6,12,8.4,95,-40,low,
2026-05-14T04:55:40.336493,fused,True,6,12,4.74,94,-39,low,
2026-05-14T04:55:41.341591,fused,True,6,11,4.74,94,-39,low,
2026-05-14T04:55:42.361688,fused,True,6,11,4.04,93,-39,low,
2026-05-14T04:55:43.431653,fused,True,6,11,4.04,93,-39,low,
2026-05-14T04:55:44.367155,fused,True,6,11,4.99,81,-39,low,
2026-05-14T04:55:45.373273,fused,True,6,11,4.99,81,-39,low,
2026-05-14T04:55:46.372412,fused,True,6,11,16.55,80,-37,low,
2026-05-14T04:55:47.334644,fused,True,6,11,16.55,80,-37,low,
2026-05-14T04:55:48.389530,fused,True,6,11,11.55,65,-36,low,
2026-05-14T04:55:49.338692,fused,True,6,11,11.55,65,-36,low,
2026-05-14T04:55:50.394407,fused,True,6,11,10.59,84,-36,low,
2026-05-14T04:55:51.340912,fused,True,6,11,10.59,84,-36,low,
2026-05-14T04:55:52.400052,fused,True,6,11,5.94,95,-37,low,
2026-05-14T04:55:53.344961,fused,True,6,11,5.94,95,-37,low,
2026-05-14T04:55:54.404999,fused,True,6,11,4.51,106,-40,low,
2026-05-14T04:55:55.339075,fused,True,6,11,4.51,106,-40,low,
2026-05-14T04:55:56.431343,fused,True,6,11,5.53,95,-36,low,
2026-05-14T04:55:57.456868,fused,True,6,11,5.53,95,-36,low,
2026-05-14T04:55:58.456438,fused,True,6,11,4.23,91,-39,low,
2026-05-14T04:55:59.400854,fused,True,6,11,4.23,91,-39,low,
2026-05-14T04:56:00.484625,fused,True,6,11,4.81,96,-39,low,
2026-05-14T04:56:01.337056,fused,True,6,11,4.81,96,-39,low,
2026-05-14T04:56:02.512045,fused,True,6,11,9.37,88,-87,low,
2026-05-14T04:56:03.397317,fused,True,6,11,9.37,88,-87,low,
2026-05-14T04:56:04.539415,fused,True,6,11,4.58,76,-36,low,
2026-05-14T04:56:05.352813,fused,True,6,11,4.58,76,-36,low,
2026-05-14T04:56:06.563623,fused,True,6,11,3.3,81,-39,low,
2026-05-14T04:56:07.347091,fused,True,6,11,3.3,81,-39,low,
2026-05-14T04:56:08.569876,fused,True,6,11,7.38,89,-75,low,
2026-05-14T04:56:09.439501,fused,True,6,11,7.38,89,-75,low,
2026-05-14T04:56:10.575409,fused,True,6,11,3.6,94,-39,low,
2026-05-14T04:56:11.381457,fused,True,6,11,3.6,94,-39,low,
2026-05-14T04:56:12.580483,fused,True,6,11,11.74,89,-40,low,
2026-05-14T04:56:13.342310,fused,True,6,11,11.74,89,-40,low,
2026-05-14T04:56:14.586002,fused,True,6,11,3.53,96,-39,low,
2026-05-14T04:56:15.343423,fused,True,6,11,3.53,96,-39,low,
2026-05-14T04:56:16.604520,fused,True,6,11,4.66,108,-86,low,
2026-05-14T04:56:17.338205,fused,True,6,11,4.66,108,-86,low,
2026-05-14T04:56:18.630878,fused,True,6,11,8.56,104,-40,low,
2026-05-14T04:56:19.341761,fused,True,6,11,8.56,104,-40,low,
2026-05-14T04:56:20.636084,fused,True,6,11,2.03,92,-39,low,
2026-05-14T04:56:21.343972,fused,True,6,11,2.03,92,-39,low,
2026-05-14T04:56:22.641793,fused,True,6,11,5.6,93,-39,low,
2026-05-14T04:56:23.337186,fused,True,6,11,5.6,93,-39,low,
2026-05-14T04:56:24.648280,fused,True,6,11,10.3,103,-37,low,
2026-05-14T04:56:25.415636,fused,True,6,10,10.3,103,-37,low,
2026-05-14T04:56:26.653226,fused,True,6,10,6.26,92,-40,low,
2026-05-14T04:56:27.341880,fused,True,6,10,6.26,92,-40,low,
2026-05-14T04:56:28.658309,fused,True,6,10,3.11,89,-39,low,
2026-05-14T04:56:29.341869,fused,True,6,10,3.11,89,-39,low,
2026-05-14T04:56:30.663837,fused,True,6,10,3.44,78,-36,low,
2026-05-14T04:56:31.342818,fused,True,6,10,3.44,78,-36,low,
2026-05-14T04:56:32.684204,fused,True,6,10,17.37,82,-39,low,
2026-05-14T04:56:33.335514,fused,True,6,10,17.37,82,-39,low,
2026-05-14T04:56:34.689437,fused,True,6,10,4.74,89,-36,low,
2026-05-14T04:56:35.446621,fused,True,6,10,4.74,89,-36,low,
2026-05-14T04:56:36.716494,fused,True,6,10,4.44,93,-39,low,
2026-05-14T04:56:37.430495,fused,True,6,10,4.44,93,-39,low,
2026-05-14T04:56:38.721950,fused,True,6,10,4.16,94,-39,low,
2026-05-14T04:56:39.444846,fused,True,6,10,4.16,94,-39,low,
2026-05-14T04:56:40.726774,fused,True,6,10,5.78,89,-40,low,
2026-05-14T04:56:42.692210,fused,True,6,10,5.78,89,-40,low,
2026-05-14T04:56:42.745272,fused,True,6,10,20.39,84,-37,low,
2026-05-14T04:56:43.350061,fused,True,6,10,20.39,84,-37,low,
2026-05-14T04:56:44.751560,fused,True,6,10,2.51,89,-40,low,
2026-05-14T04:56:45.341200,fused,True,6,10,2.51,89,-40,low,
2026-05-14T04:56:46.757616,fused,True,6,10,21.78,94,-40,low,
2026-05-14T04:56:47.340960,fused,True,6,10,21.78,94,-40,low,
2026-05-14T04:56:48.763411,fused,True,6,10,13.43,98,-40,low,
2026-05-14T04:56:49.340166,fused,True,6,10,13.43,98,-40,low,
2026-05-14T04:56:50.789112,fused,True,6,10,6.36,97,-11,low,
2026-05-14T04:56:51.425273,fused,True,6,10,6.36,97,-11,low,
2026-05-14T04:56:52.806414,fused,True,6,10,4.48,100,-40,low,
2026-05-14T04:56:53.367782,fused,True,6,10,4.48,100,-40,low,
2026-05-14T04:56:54.827722,fused,True,6,10,24.07,102,-37,low,
2026-05-14T04:56:55.340260,fused,True,6,10,24.07,102,-37,low,
2026-05-14T04:56:56.831603,fused,True,6,10,1.9,95,-36,low,
2026-05-14T04:56:57.341612,fused,True,6,10,1.9,95,-36,low,
2026-05-14T04:56:58.861782,fused,True,6,10,2.9,81,-40,low,
2026-05-14T04:56:59.335281,fused,True,6,10,2.9,81,-40,low,
2026-05-14T04:57:01.340963,fused,True,6,10,2.9,81,-40,low,
2026-05-14T15:36:30.980525,fused,True,20,0,2.95,81,-38,low,
2026-05-14T15:36:33.012195,fused,True,20,0,23.86,91,-36,low,
2026-05-14T15:36:35.031855,fused,True,22,0,5.53,91,-36,low,
2026-05-14T15:36:37.055311,fused,True,26,0,2.11,82,-38,low,
2026-05-14T15:36:39.063241,fused,True,26,0,2.42,88,-36,low,
2026-05-14T15:36:41.094656,fused,True,18,0,11.18,100,-38,low,
2026-05-14T15:36:43.118331,fused,True,18,0,4.75,86,-38,low,
2026-05-14T15:36:45.144092,fused,True,31,0,4.18,80,-38,low,
2026-05-14T15:36:47.171987,fused,True,27,0,9.48,71,-36,low,
2026-05-14T15:36:49.198393,fused,True,26,0,3.79,76,-34,low,
2026-05-14T15:36:51.223270,fused,True,27,0,9.85,70,-35,low,
2026-05-14T15:36:53.250072,fused,True,30,0,7.61,81,-35,low,
2026-05-14T15:36:55.261928,fused,True,29,0,2.81,77,-35,low,
2026-05-14T15:36:57.289039,fused,True,19,0,3.69,74,-35,low,
2026-05-14T15:36:59.313275,fused,True,16,0,3.12,76,-39,low,
2026-05-14T15:37:01.332366,fused,True,24,0,3.75,82,-38,low,
2026-05-14T15:37:03.339633,fused,True,17,0,23.88,83,-36,low,
2026-05-14T15:37:05.347745,fused,True,27,0,4.97,77,-86,low,
2026-05-14T15:37:07.374226,fused,True,26,0,13.62,82,-36,low,
2026-05-14T15:37:09.395164,fused,True,27,0,4.8,81,-39,low,
2026-05-14T15:37:11.424996,fused,True,25,0,3.46,85,-38,low,
2026-05-14T15:37:13.441318,fused,True,20,0,2.16,98,-37,low,
2026-05-14T15:37:15.470103,fused,True,24,0,4.94,99,-39,low,
2026-05-14T15:37:17.500497,fused,True,27,0,5.73,82,-38,low,
2026-05-14T15:37:19.528504,fused,True,25,0,26.38,86,-37,low,
2026-05-14T15:37:21.549103,fused,True,30,0,5.16,85,-38,low,
2026-05-14T15:37:23.573974,fused,True,38,0,4.9,90,-39,low,
2026-05-14T15:37:25.361976,fused,True,0,-81,4.9,90,-39,low,
2026-05-14T15:37:25.582522,fused,True,0,-81,1.49,102,-39,low,
2026-05-14T15:37:27.200442,fused,True,1,-67,1.49,102,-39,low,
2026-05-14T15:37:27.610930,fused,True,1,-67,0.87,103,-38,low,
2026-05-14T15:37:29.188921,fused,True,1,-54,0.87,103,-38,low,
2026-05-14T15:37:29.633133,fused,True,1,-54,9.19,94,-40,low,
2026-05-14T15:37:31.174225,fused,True,2,-41,9.19,94,-40,low,
2026-05-14T15:37:31.651077,fused,True,2,-41,7.52,92,-40,low,
2026-05-14T15:37:33.270233,fused,True,3,-28,7.52,92,-40,low,
2026-05-14T15:37:33.659693,fused,True,3,-28,7.29,81,-41,low,
2026-05-14T15:37:35.182293,fused,True,3,-16,7.29,81,-41,low,
2026-05-14T15:37:35.677541,fused,True,3,-16,4.19,83,-40,low,
2026-05-14T15:37:37.173858,fused,True,4,-3,4.19,83,-40,low,
2026-05-14T15:37:37.685718,fused,True,4,-3,4.09,99,-40,low,
2026-05-14T15:37:39.212319,fused,True,4,9,4.09,99,-40,low,
2026-05-14T15:37:39.715377,fused,True,4,9,20.81,96,-41,low,
2026-05-14T15:37:41.192318,fused,True,5,22,20.81,96,-41,low,
2026-05-14T15:37:41.748360,fused,True,5,22,2.52,94,-40,low,
2026-05-14T15:37:43.203552,fused,True,6,35,2.52,94,-40,low,
2026-05-14T15:37:43.756930,fused,True,6,35,3.33,86,-40,low,
2026-05-14T15:37:45.207012,fused,True,6,34,3.33,86,-40,low,
2026-05-14T15:37:45.780308,fused,True,6,34,6.21,82,-40,low,
2026-05-14T15:37:47.197010,fused,True,6,34,6.21,82,-40,low,
2026-05-14T15:37:47.792296,fused,True,6,34,6.31,79,-39,low,
2026-05-14T15:37:49.183900,fused,True,6,33,6.31,79,-39,low,
2026-05-14T15:37:49.800566,fused,True,6,33,5.37,86,-39,low,
2026-05-14T15:37:51.312727,fused,True,6,33,5.37,86,-39,low,
2026-05-14T15:37:51.808150,fused,True,6,33,7.04,86,-36,low,
2026-05-14T15:37:53.176466,fused,True,6,32,7.04,86,-36,low,
2026-05-14T15:37:53.832679,fused,True,6,32,5.94,76,-84,low,
2026-05-14T15:37:55.183549,fused,True,6,32,5.94,76,-84,low,
2026-05-14T15:37:55.861496,fused,True,6,32,16.37,78,-39,low,
2026-05-14T15:37:57.181323,fused,True,6,32,16.37,78,-39,low,
2026-05-14T15:37:57.870054,fused,True,6,32,4.28,87,-39,low,
2026-05-14T15:37:59.189120,fused,True,6,31,4.28,87,-39,low,
2026-05-14T15:37:59.897919,fused,True,6,31,3.94,92,-86,low,
2026-05-14T15:38:01.179285,fused,True,6,31,3.94,92,-86,low,
2026-05-14T15:38:01.930017,fused,True,6,31,3.44,92,-41,low,
2026-05-14T15:38:03.278858,fused,True,6,31,3.44,92,-41,low,
2026-05-14T15:38:03.938016,fused,True,6,31,2.76,88,-42,low,
2026-05-14T15:38:05.218549,fused,True,6,30,2.76,88,-42,low,
2026-05-14T15:38:05.966760,fused,True,6,30,8.83,90,-41,low,
2026-05-14T15:38:07.266362,fused,True,6,30,8.83,90,-41,low,
2026-05-14T15:38:07.998962,fused,True,6,30,2.3,90,-39,low,
2026-05-14T15:38:09.223858,fused,True,6,30,2.3,90,-39,low,
2026-05-14T15:38:10.030730,fused,True,6,30,2.76,89,-40,low,
2026-05-14T15:38:11.180581,fused,True,6,29,2.76,89,-40,low,
2026-05-14T15:38:12.038150,fused,True,6,29,10.79,90,-39,low,
2026-05-14T15:38:13.177305,fused,True,6,29,10.79,90,-39,low,
2026-05-14T15:38:14.047018,fused,True,6,29,2.79,94,-40,low,
2026-05-14T15:38:15.183202,fused,True,6,29,2.79,94,-40,low,
2026-05-14T15:38:16.074492,fused,True,6,29,5.5,109,-39,low,
2026-05-14T15:38:17.175046,fused,True,6,28,5.5,109,-39,low,
2026-05-14T15:38:18.103422,fused,True,6,28,5.83,107,-40,low,
2026-05-14T15:38:19.175554,fused,True,6,28,5.83,107,-40,low,
2026-05-14T15:38:20.129475,fused,True,6,28,4.14,87,-40,low,
2026-05-14T15:38:21.170891,fused,True,6,28,4.14,87,-40,low,
2026-05-14T15:38:22.155609,fused,True,6,28,12.08,93,-69,low,
2026-05-14T15:38:23.245552,fused,True,6,28,12.08,93,-69,low,
2026-05-14T15:38:24.180305,fused,True,6,28,5.32,98,-41,low,
2026-05-14T15:38:25.288336,fused,True,6,27,5.32,98,-41,low,
2026-05-14T15:38:26.202455,fused,True,6,27,5.82,91,-41,low,
2026-05-14T15:38:27.236900,fused,True,6,27,5.82,91,-41,low,
2026-05-14T15:38:28.227641,fused,True,6,27,7.48,82,-41,low,
2026-05-14T15:38:29.187754,fused,True,6,27,7.48,82,-41,low,
2026-05-14T15:38:30.235767,fused,True,6,27,18.16,83,-40,low,
2026-05-14T15:38:31.177186,fused,True,6,27,18.16,83,-40,low,
2026-05-14T15:38:32.242959,fused,True,6,27,4.07,85,-40,low,
2026-05-14T15:38:33.177670,fused,True,6,27,4.07,85,-40,low,
2026-05-14T15:38:34.266716,fused,True,6,27,4.15,88,-39,low,
2026-05-14T15:38:35.191794,fused,True,6,26,4.15,88,-39,low,
2026-05-14T15:38:36.275007,fused,True,6,26,6.07,92,-39,low,
2026-05-14T15:38:37.176816,fused,True,6,26,6.07,92,-39,low,
2026-05-14T15:38:38.301493,fused,True,6,26,4.57,92,-41,low,
2026-05-14T15:38:39.172851,fused,True,6,26,4.57,92,-41,low,
2026-05-14T15:38:40.329290,fused,True,6,26,5.48,97,-77,low,
2026-05-14T15:38:41.178535,fused,True,6,26,5.48,97,-77,low,
2026-05-14T15:38:42.349443,fused,True,6,26,2.31,112,-40,low,
2026-05-14T15:38:43.213833,fused,True,6,25,2.31,112,-40,low,
2026-05-14T15:38:44.378168,fused,True,6,25,6.59,102,-74,low,
2026-05-14T15:38:45.178430,fused,True,6,25,6.59,102,-74,low,
2026-05-14T15:38:46.385984,fused,True,6,25,9.48,94,-40,low,
2026-05-14T15:38:47.174494,fused,True,6,25,9.48,94,-40,low,
2026-05-14T15:38:48.391431,fused,True,6,25,6.69,91,-41,low,
2026-05-14T15:38:49.180158,fused,True,6,25,6.69,91,-41,low,
2026-05-14T15:38:50.400782,fused,True,6,25,8.39,73,-67,low,
2026-05-14T15:38:51.176098,fused,True,6,25,8.39,73,-67,low,
2026-05-14T15:38:52.422296,fused,True,6,25,5.77,78,-40,low,
2026-05-14T15:38:53.177645,fused,True,6,25,5.77,78,-40,low,
2026-05-14T15:38:54.453303,fused,True,6,25,6.56,98,-41,low,
2026-05-14T15:38:55.194800,fused,True,6,24,6.56,98,-41,low,
2026-05-14T15:38:56.462673,fused,True,6,24,5.53,98,-74,low,
2026-05-14T15:38:57.176491,fused,True,6,24,5.53,98,-74,low,
2026-05-14T15:38:58.491121,fused,True,6,24,12.65,94,-41,low,
2026-05-14T15:38:59.291880,fused,True,6,24,12.65,94,-41,low,
2026-05-14T15:39:00.520319,fused,True,6,24,0.0,98,-41,low,
2026-05-14T15:39:01.235493,fused,True,6,24,0.0,98,-41,low,
2026-05-14T15:39:02.550436,fused,True,6,24,11.02,77,-39,low,
2026-05-14T15:39:03.284037,fused,True,6,24,11.02,77,-39,low,
2026-05-14T15:39:04.570889,fused,True,6,24,4.32,77,-39,low,
2026-05-14T15:39:05.180442,fused,True,6,24,4.32,77,-39,low,
2026-05-14T15:39:06.598398,fused,True,6,24,6.26,86,-39,low,
2026-05-14T15:39:07.277574,fused,True,6,24,6.26,86,-39,low,
2026-05-14T15:39:08.606627,fused,True,6,24,9.48,91,-73,low,
2026-05-14T15:39:09.177862,fused,True,6,23,9.48,91,-73,low,
2026-05-14T15:39:10.611051,fused,True,6,23,6.34,92,-40,low,
2026-05-14T15:39:11.184769,fused,True,6,23,6.34,92,-40,low,
2026-05-14T15:39:12.629856,fused,True,6,23,8.36,94,-39,low,
2026-05-14T15:39:13.179933,fused,True,6,23,8.36,94,-39,low,
2026-05-14T15:39:14.658897,fused,True,6,23,8.65,100,-39,low,
2026-05-14T15:39:15.170774,fused,True,6,23,8.65,100,-39,low,
2026-05-14T15:39:16.694835,fused,True,6,23,8.38,94,-39,low,
2026-05-14T15:39:17.209512,fused,True,6,23,8.38,94,-39,low,
2026-05-14T15:39:18.721842,fused,True,6,23,16.39,84,-39,low,
2026-05-14T15:39:19.170390,fused,True,6,23,16.39,84,-39,low,
2026-05-14T15:39:20.745213,fused,True,6,23,3.3,91,-39,low,
2026-05-14T15:39:21.204820,fused,True,6,23,3.3,91,-39,low,
2026-05-14T15:39:22.767315,fused,True,6,23,4.9,90,-41,low,
2026-05-14T15:39:23.176154,fused,True,6,22,4.9,90,-41,low,
2026-05-14T15:39:24.791072,fused,False,6,22,0.0,89,-36,low,
2026-05-14T15:39:25.195501,fused,False,6,22,0.0,89,-36,low,
2026-05-14T15:39:26.817986,fused,True,6,22,5.16,83,-38,low,
2026-05-14T15:39:27.174025,fused,True,6,22,5.16,83,-38,low,
2026-05-14T15:39:28.825906,fused,False,6,22,0.0,82,-36,low,
2026-05-14T15:39:29.200883,fused,False,6,22,0.0,82,-36,low,
2026-05-14T15:39:30.855245,fused,True,6,22,4.19,88,-38,low,
2026-05-14T15:39:31.169924,fused,True,6,22,4.19,88,-38,low,
2026-05-14T15:39:32.882133,fused,True,6,22,14.28,92,-38,low,
2026-05-14T15:39:33.288366,fused,True,6,22,14.28,92,-38,low,
2026-05-14T15:39:34.890026,fused,True,6,22,2.42,88,-41,low,
2026-05-14T15:39:35.184525,fused,True,6,22,2.42,88,-41,low,
2026-05-14T15:39:36.897762,fused,True,6,22,3.6,101,-74,low,
2026-05-14T15:39:37.177786,fused,True,6,21,3.6,101,-74,low,
2026-05-14T15:39:38.924721,fused,True,6,21,13.16,104,-84,low,
2026-05-14T15:39:39.428943,fused,True,6,21,13.16,104,-84,low,
2026-05-14T15:39:40.951045,fused,True,6,21,2.4,89,-75,low,
2026-05-14T15:39:41.190747,fused,True,6,21,2.4,89,-75,low,
2026-05-14T15:39:42.970794,fused,True,6,21,7.12,85,-40,low,
2026-05-14T15:39:43.184847,fused,True,6,21,7.12,85,-40,low,
2026-05-14T15:39:45.000190,fused,True,6,21,12.74,95,-60,low,
2026-05-14T15:39:45.187935,fused,True,6,21,12.74,95,-60,low,
2026-05-14T15:39:47.018439,fused,True,6,21,13.82,94,-73,low,
2026-05-14T15:39:47.179060,fused,True,6,21,13.82,94,-73,low,
2026-05-14T15:39:49.045839,fused,True,6,21,16.78,91,-74,low,
2026-05-14T15:39:49.187964,fused,True,6,21,16.78,91,-74,low,
2026-05-14T15:39:51.065916,fused,True,6,21,6.76,100,-37,low,
2026-05-14T15:39:51.206730,fused,True,6,21,6.76,100,-37,low,
2026-05-14T15:39:53.073776,fused,True,6,21,2.96,94,-73,low,
2026-05-14T15:39:53.181375,fused,True,6,21,2.96,94,-73,low,
2026-05-14T15:39:55.093177,fused,True,6,21,13.43,91,-39,low,
2026-05-14T15:39:55.199121,fused,True,6,21,13.43,91,-39,low,
2026-05-14T15:39:57.116355,fused,True,6,21,12.82,69,-36,low,
2026-05-14T15:39:57.180578,fused,True,6,20,12.82,69,-36,low,
2026-05-14T15:39:59.142156,fused,True,6,20,7.02,61,-77,low,
2026-05-14T16:09:38.434465,fused,True,32,0,4.26,77,-36,low,
2026-05-14T16:09:40.440715,fused,True,30,0,14.8,90,-87,low,
2026-05-14T16:09:42.457072,fused,True,25,0,10.02,94,-36,low,
2026-05-14T16:09:44.461732,fused,True,22,0,2.96,93,-36,low,
2026-05-14T16:09:46.486663,fused,True,19,0,3.04,99,-38,low,
2026-05-14T16:09:48.492592,fused,True,21,0,0.98,112,-37,low,
2026-05-14T16:09:50.497370,fused,True,30,0,2.35,120,-37,low,
2026-05-14T16:09:52.514640,fused,True,30,0,2.64,110,-36,low,
2026-05-14T16:09:54.521127,fused,True,28,0,5.65,101,-36,low,
2026-05-14T16:09:56.546147,fused,True,29,0,6.02,84,-37,low,
2026-05-14T16:09:58.571789,fused,True,38,0,16.67,88,-38,low,
2026-05-14T16:10:00.576171,fused,True,38,0,4.96,88,-36,low,
2026-05-14T16:10:02.581969,fused,True,31,0,4.7,91,-37,low,
2026-05-14T16:10:04.604202,fused,True,19,0,9.87,95,-38,low,
2026-05-14T16:10:06.620189,fused,True,15,0,4.67,86,-38,low,
2026-05-14T16:10:08.624855,fused,True,21,0,9.23,78,-39,low,
2026-05-14T16:10:10.630296,fused,True,30,0,3.24,105,-38,low,
2026-05-14T16:10:12.634541,fused,True,35,0,3.89,106,-42,low,
2026-05-14T16:10:14.640375,fused,True,29,0,3.71,107,-47,low,
2026-05-14T16:10:16.646410,fused,True,31,0,2.24,90,-46,low,
2026-05-14T16:10:18.651929,fused,True,29,0,25.17,85,-44,low,
2026-05-14T16:10:20.680226,fused,True,29,0,3.32,83,-82,low,
2026-05-14T16:10:22.685796,fused,True,28,0,13.22,80,-43,low,
2026-05-14T16:10:24.709042,fused,True,31,0,11.5,74,-46,low,
2026-05-14T16:10:26.714649,fused,True,29,0,4.22,87,-40,low,
2026-05-14T16:10:28.740958,fused,True,25,0,4.65,94,-40,low,
2026-05-14T16:10:30.759337,fused,True,26,0,5.31,84,-41,low,
2026-05-14T16:10:32.775833,fused,True,27,0,4.44,86,-44,low,
2026-05-14T16:10:34.801774,fused,True,26,0,3.37,85,-45,low,
2026-05-14T16:10:36.806684,fused,True,24,0,6.7,97,-43,low,
2026-05-14T16:10:38.811740,fused,True,23,0,20.52,101,-44,low,
2026-05-14T16:10:40.838808,fused,True,14,0,18.24,101,-90,low,
2026-05-14T16:10:42.844275,fused,True,14,0,2.75,81,-45,low,
2026-05-14T16:10:44.869209,fused,True,26,0,11.79,82,-44,low,
2026-05-14T16:10:46.893949,fused,True,40,0,16.9,81,-43,low,
2026-05-14T16:10:48.918256,fused,True,40,0,12.69,81,-41,low,
2026-05-14T16:10:50.937057,fused,True,32,0,4.77,102,-42,low,
2026-05-14T16:10:52.961215,fused,True,24,0,2.8,98,-39,low,
2026-05-14T16:10:54.983576,fused,True,19,0,4.61,87,-43,low,
2026-05-14T16:10:56.989267,fused,True,16,0,2.75,76,-45,low,
2026-05-14T16:10:59.009300,fused,True,12,0,2.53,88,-45,low,
2026-05-14T16:11:01.014104,fused,True,24,0,8.52,81,-45,low,
2026-05-14T16:11:03.019890,fused,True,25,0,3.98,80,-45,low,
2026-05-14T16:11:05.024823,fused,True,18,0,3.56,77,-45,low,
2026-05-14T16:11:07.053414,fused,True,20,0,10.0,85,-45,low,
2026-05-14T16:11:09.058972,fused,True,35,0,17.15,100,-45,low,
2026-05-14T16:11:11.063325,fused,True,36,0,2.16,105,-43,low,
2026-05-14T16:11:13.091398,fused,True,29,0,3.68,82,-44,low,
2026-05-14T16:11:15.107032,fused,True,31,0,10.0,77,-46,low,
2026-05-14T16:11:17.111783,fused,True,38,0,4.84,81,-43,low,
2026-05-14T16:11:19.140316,fused,True,27,0,9.41,97,-43,low,
2026-05-14T16:11:20.767046,fused,True,0,-81,9.41,97,-43,low,
2026-05-14T16:11:21.161912,fused,True,0,-81,2.76,97,-44,low,
2026-05-14T16:11:22.798204,fused,True,1,-69,2.76,97,-44,low,
2026-05-14T16:11:23.183612,fused,True,1,-69,10.0,105,-44,low,
2026-05-14T16:11:24.789803,fused,True,1,-57,10.0,105,-44,low,
2026-05-14T16:11:25.201556,fused,True,1,-57,4.03,97,-45,low,
2026-05-14T16:11:26.694656,fused,True,2,-45,4.03,97,-45,low,
2026-05-14T16:11:27.206954,fused,True,2,-45,4.99,83,-44,low,
2026-05-14T16:11:28.737759,fused,True,3,-33,4.99,83,-44,low,
2026-05-14T16:11:29.213559,fused,True,3,-33,4.29,89,-45,low,
2026-05-14T16:11:30.699932,fused,True,3,-21,4.29,89,-45,low,
2026-05-14T16:11:31.219489,fused,True,3,-21,1.96,97,-44,low,
2026-05-14T16:11:32.733186,fused,True,4,-9,1.96,97,-44,low,
2026-05-14T16:11:33.244466,fused,True,4,-9,7.38,83,-44,low,
2026-05-14T16:11:34.752169,fused,True,4,3,7.38,83,-44,low,
2026-05-14T16:11:35.274070,fused,True,4,3,3.63,73,-43,low,
2026-05-14T16:11:36.713507,fused,True,5,15,3.63,73,-43,low,
2026-05-14T16:11:37.300588,fused,True,5,15,11.98,79,-44,low,
2026-05-14T16:11:38.695263,fused,True,6,27,11.98,79,-44,low,
2026-05-14T16:11:39.321406,fused,True,6,27,2.36,100,-44,low,
2026-05-14T16:11:40.821410,fused,True,6,26,2.36,100,-44,low,
2026-05-14T16:11:41.347618,fused,True,6,26,5.82,109,-44,low,
2026-05-14T16:11:42.700899,fused,True,6,26,5.82,109,-44,low,
2026-05-14T16:11:43.374684,fused,True,6,26,5.23,101,-44,low,
2026-05-14T16:11:44.748769,fused,True,6,26,5.23,101,-44,low,
2026-05-14T16:11:45.390365,fused,True,6,26,5.69,103,-43,low,
2026-05-14T16:11:46.701191,fused,True,6,25,5.69,103,-43,low,
2026-05-14T16:11:47.407623,fused,True,6,25,3.27,100,-44,low,
2026-05-14T16:11:48.912629,fused,True,6,25,3.27,100,-44,low,
2026-05-14T16:11:49.430899,fused,True,6,25,10.42,96,-44,low,
2026-05-14T16:11:50.710943,fused,True,6,25,10.42,96,-44,low,
2026-05-14T16:11:51.450260,fused,True,6,25,2.13,106,-45,low,
2026-05-14T16:11:52.696703,fused,True,6,25,2.13,106,-45,low,
2026-05-14T16:11:53.455551,fused,True,6,25,3.26,101,-43,low,
2026-05-14T16:11:54.851430,fused,True,6,24,3.26,101,-43,low,
2026-05-14T16:11:55.460160,fused,True,6,24,4.15,111,-39,low,
2026-05-14T16:11:56.798176,fused,True,6,24,4.15,111,-39,low,
2026-05-14T16:11:57.465182,fused,True,6,24,5.23,92,-42,low,
2026-05-14T16:11:58.697669,fused,True,6,24,5.23,92,-42,low,
2026-05-14T16:11:59.469434,fused,True,6,24,8.98,95,-42,low,
2026-05-14T16:12:00.789290,fused,True,6,24,8.98,95,-42,low,
2026-05-14T16:12:01.485395,fused,True,6,24,8.98,98,-42,low,
2026-05-14T16:12:02.738222,fused,True,6,23,8.98,98,-42,low,
2026-05-14T16:12:03.490412,fused,True,6,23,6.35,103,-45,low,
2026-05-14T16:12:04.783711,fused,True,6,23,6.35,103,-45,low,
2026-05-14T16:12:05.518235,fused,True,6,23,7.46,89,-45,low,
2026-05-14T16:12:06.698298,fused,True,6,23,7.46,89,-45,low,
2026-05-14T16:12:07.525372,fused,True,6,23,20.62,92,-43,low,
2026-05-14T16:12:08.700178,fused,True,6,23,20.62,92,-43,low,
2026-05-14T16:12:09.547932,fused,True,6,23,18.05,88,-45,low,
2026-05-14T16:12:10.722987,fused,True,6,23,18.05,88,-45,low,
2026-05-14T16:12:11.578008,fused,True,6,23,20.95,83,-42,low,
2026-05-14T16:12:12.773112,fused,True,6,22,20.95,83,-42,low,
2026-05-14T16:12:13.602315,fused,True,6,22,6.94,82,-44,low,
2026-05-14T16:12:14.819671,fused,True,6,22,6.94,82,-44,low,
2026-05-14T16:12:15.624668,fused,True,6,22,14.81,79,-44,low,
2026-05-14T16:12:16.767545,fused,True,6,22,14.81,79,-44,low,
2026-05-14T16:12:17.651864,fused,True,6,22,1.6,76,-44,low,
2026-05-14T16:12:18.811987,fused,True,6,22,1.6,76,-44,low,
2026-05-14T16:12:19.678610,fused,True,6,22,23.24,81,-46,low,
2026-05-14T16:12:20.709668,fused,True,6,22,23.24,81,-46,low,
2026-05-14T16:12:21.692977,fused,False,6,22,0.0,89,-71,low,
2026-05-14T16:12:22.816542,fused,False,6,21,0.0,89,-71,low,
2026-05-14T16:12:23.710008,fused,True,6,21,7.78,85,-72,low,
2026-05-14T16:12:24.855046,fused,True,6,21,7.78,85,-72,low,
2026-05-14T16:12:25.716117,fused,False,6,21,0.0,84,-74,low,
2026-05-14T16:12:26.698209,fused,False,6,21,0.0,84,-74,low,
2026-05-14T16:12:27.722080,fused,False,6,21,0.0,83,-43,low,
2026-05-14T16:12:28.698862,fused,False,6,21,0.0,83,-43,low,
2026-05-14T16:12:29.728550,fused,True,6,21,2.81,90,-44,low,
2026-05-14T16:12:30.729109,fused,True,6,21,2.81,90,-44,low,
2026-05-14T16:12:31.734105,fused,True,6,21,10.32,89,-44,low,
2026-05-14T16:12:32.697943,fused,True,6,21,10.32,89,-44,low,
2026-05-14T16:12:33.738363,fused,True,6,21,3.25,98,-44,low,
2026-05-14T16:12:34.840063,fused,True,6,20,3.25,98,-44,low,
2026-05-14T16:12:35.756103,fused,True,6,20,2.01,105,-40,low,
2026-05-14T16:12:36.732691,fused,True,6,20,2.01,105,-40,low,
2026-05-14T16:12:37.784346,fused,True,6,20,6.03,111,-45,low,
2026-05-14T16:12:38.720475,fused,True,6,20,6.03,111,-45,low,
2026-05-14T16:12:39.811424,fused,True,6,20,4.25,100,-46,low,
2026-05-14T16:12:40.711237,fused,True,6,20,4.25,100,-46,low,
2026-05-14T16:12:41.833367,fused,True,6,20,3.27,102,-47,low,
2026-05-14T16:12:42.696122,fused,True,6,20,3.27,102,-47,low,
2026-05-14T16:12:43.855046,fused,True,6,20,5.09,97,-46,low,
2026-05-14T16:12:44.773478,fused,True,6,20,5.09,97,-46,low,
2026-05-14T16:12:45.876615,fused,True,6,20,6.09,101,-78,low,
2026-05-14T16:12:46.706650,fused,True,6,19,6.09,101,-78,low,
2026-05-14T16:12:47.888546,fused,True,6,19,2.33,90,-47,low,
2026-05-14T16:12:48.819518,fused,True,6,19,2.33,90,-47,low,
2026-05-14T16:12:49.926036,fused,True,6,19,3.28,74,-46,low,
2026-05-14T16:12:50.768695,fused,True,6,19,3.28,74,-46,low,
2026-05-14T16:12:51.951205,fused,True,6,19,14.05,94,-46,low,
2026-05-14T16:12:52.812171,fused,True,6,19,14.05,94,-46,low,
2026-05-14T16:12:53.963588,fused,True,6,19,10.05,100,-46,low,
2026-05-14T16:12:54.858887,fused,True,6,19,10.05,100,-46,low,
2026-05-14T16:12:55.985021,fused,True,6,19,5.44,98,-46,low,
2026-05-14T16:12:56.805882,fused,True,6,19,5.44,98,-46,low,
2026-05-14T16:12:57.990906,fused,True,6,19,3.24,91,-46,low,
2026-05-14T16:12:58.954900,fused,True,6,19,3.24,91,-46,low,
2026-05-14T16:13:00.018977,fused,True,6,19,0.63,87,-81,low,
2026-05-14T16:13:00.700675,fused,True,6,19,0.63,87,-81,low,
2026-05-14T16:13:02.049277,fused,True,6,19,29.23,74,-46,low,
2026-05-14T16:13:02.743708,fused,True,6,18,29.23,74,-46,low,
2026-05-14T16:13:04.070871,fused,True,6,18,4.64,65,-45,low,
2026-05-14T16:13:04.751448,fused,True,6,18,4.64,65,-45,low,
2026-05-14T16:13:06.098028,fused,True,6,18,13.65,75,-46,low,
2026-05-14T16:13:06.737820,fused,True,6,18,13.65,75,-46,low,
2026-05-14T16:13:08.120731,fused,True,6,18,11.18,83,-43,low,
2026-05-14T16:13:08.696667,fused,True,6,18,11.18,83,-43,low,
2026-05-14T16:13:10.126222,fused,True,6,18,0.32,72,-81,low,
2026-05-14T16:13:10.730865,fused,True,6,18,0.32,72,-81,low,
2026-05-14T16:13:12.131551,fused,True,6,18,0.0,72,-45,low,
2026-05-14T16:13:12.779213,fused,True,6,18,0.0,72,-45,low,
2026-05-14T16:13:14.153545,fused,True,6,18,8.24,73,-43,low,
2026-05-14T16:13:14.743125,fused,True,6,18,8.24,73,-43,low,
2026-05-14T16:13:16.157517,fused,True,6,18,5.54,93,-42,low,
2026-05-14T16:13:16.772601,fused,True,6,18,5.54,93,-42,low,
2026-05-14T16:13:18.182642,fused,True,6,18,4.14,98,-42,low,
2026-05-14T16:13:18.821941,fused,True,6,18,4.14,98,-42,low,
2026-05-14T16:13:20.197763,fused,True,6,18,2.19,101,-75,low,
2026-05-14T16:13:20.709164,fused,True,6,18,2.19,101,-75,low,
2026-05-14T16:13:22.219420,fused,True,6,18,12.29,100,-41,low,
2026-05-14T16:13:22.701524,fused,True,6,17,12.29,100,-41,low,
2026-05-14T16:13:24.224738,fused,True,6,17,23.99,93,-77,low,
2026-05-14T16:13:24.862902,fused,True,6,17,23.99,93,-77,low,
2026-05-14T16:13:26.242417,fused,True,6,17,6.47,100,-42,low,
2026-05-14T16:13:26.811330,fused,True,6,17,6.47,100,-42,low,
2026-05-14T16:13:28.261537,fused,True,6,17,9.28,96,-42,low,
2026-05-14T16:13:28.755344,fused,True,6,17,9.28,96,-42,low,
2026-05-14T16:13:30.267352,fused,True,6,17,9.01,79,-44,low,
2026-05-14T16:13:30.701859,fused,True,6,17,9.01,79,-44,low,
2026-05-14T16:13:32.272633,fused,True,6,17,5.21,83,-45,low,
2026-05-14T16:13:32.747791,fused,True,6,17,5.21,83,-45,low,
2026-05-14T16:13:34.277383,fused,True,6,17,4.06,94,-75,low,
2026-05-14T16:13:34.748662,fused,True,6,17,4.06,94,-75,low,
2026-05-14T16:13:36.292117,fused,True,6,17,12.05,95,-47,low,
2026-05-14T16:13:36.746146,fused,True,6,17,12.05,95,-47,low,
2026-05-14T16:13:38.321968,fused,True,6,17,3.1,97,-73,low,
2026-05-14T16:13:38.695807,fused,True,6,17,3.1,97,-73,low,
2026-05-14T16:13:40.327702,fused,True,6,17,9.01,89,-82,low,
2026-05-14T16:13:40.734916,fused,True,6,17,9.01,89,-82,low,
2026-05-14T16:13:42.356602,fused,True,6,17,3.09,79,-83,low,
2026-05-14T16:13:42.698634,fused,True,6,17,3.09,79,-83,low,
2026-05-14T16:13:44.361799,fused,True,6,17,5.13,77,-81,low,
2026-05-14T16:13:44.833047,fused,True,6,16,5.13,77,-81,low,
2026-05-14T16:13:46.376942,fused,True,6,16,5.98,90,-49,low,
2026-05-14T16:13:46.711114,fused,True,6,16,5.98,90,-49,low,
2026-05-14T16:13:48.401281,fused,True,6,16,4.05,85,-68,low,
2026-05-14T16:13:48.828818,fused,True,6,16,4.05,85,-68,low,
2026-05-14T16:13:50.406221,fused,True,6,16,7.17,81,-46,low,
2026-05-14T16:13:50.704712,fused,True,6,16,7.17,81,-46,low,
2026-05-14T16:13:52.422014,fused,True,6,16,9.15,87,-69,low,
2026-05-14T16:13:52.702197,fused,True,6,16,9.15,87,-69,low,
2026-05-14T16:13:54.427932,fused,True,6,16,0.0,87,-47,low,
2026-05-14T16:13:54.867578,fused,True,6,16,0.0,87,-47,low,
2026-05-14T16:13:56.443206,fused,True,6,16,5.3,86,-43,low,
2026-05-14T16:13:56.698095,fused,True,6,16,5.3,86,-43,low,
2026-05-14T16:13:58.449456,fused,True,6,16,3.62,94,-44,low,
2026-05-14T16:13:58.757819,fused,True,6,16,3.62,94,-44,low,
2026-05-14T16:14:00.456477,fused,True,6,16,5.24,89,-45,low,
2026-05-14T16:14:00.703805,fused,True,6,16,5.24,89,-45,low,
2026-05-14T16:14:02.462592,fused,True,6,16,2.5,91,-78,low,
2026-05-14T16:14:02.752408,fused,True,6,16,2.5,91,-78,low,
2026-05-14T16:14:04.480489,fused,True,6,16,3.07,83,-47,low,
2026-05-14T16:14:04.752534,fused,True,6,16,3.07,83,-47,low,
2026-05-14T16:14:06.496188,fused,True,6,16,4.62,73,-47,low,
2026-05-14T16:14:06.745700,fused,True,6,16,4.62,73,-47,low,
2026-05-14T16:14:08.518332,fused,True,6,16,9.95,85,-46,low,
2026-05-14T16:14:08.705033,fused,True,6,15,9.95,85,-46,low,
2026-05-14T16:14:10.522867,fused,True,6,15,1.96,105,-47,low,
2026-05-14T16:14:10.739314,fused,True,6,15,1.96,105,-47,low,
2026-05-14T16:14:12.528289,fused,True,6,15,4.63,95,-44,low,
2026-05-14T16:14:12.703587,fused,True,6,15,4.63,95,-44,low,
2026-05-14T16:14:14.535641,fused,True,6,15,2.76,95,-46,low,
2026-05-14T16:14:14.782513,fused,True,6,15,2.76,95,-46,low,
2026-05-14T16:14:16.556143,fused,True,6,15,2.48,104,-71,low,
2026-05-14T16:14:16.715075,fused,True,6,15,2.48,104,-71,low,
2026-05-14T16:14:18.579436,fused,True,6,15,3.74,89,-47,low,
2026-05-14T16:14:18.703872,fused,True,6,15,3.74,89,-47,low,
2026-05-14T16:14:20.585100,fused,True,6,15,4.95,94,-46,low,
2026-05-14T16:14:20.710047,fused,True,6,15,4.95,94,-46,low,
2026-05-14T16:16:14.905968,fused,True,6,12,4.55,97,-23,low,
2026-05-14T16:16:15.736233,fused,True,6,12,9.92,100,-44,low,
2026-05-14T16:16:16.704172,fused,True,6,12,9.92,100,-44,low,
2026-05-14T16:16:17.751291,fused,True,6,12,5.71,95,-43,low,
2026-05-14T16:16:18.743160,fused,True,6,12,5.71,95,-43,low,
2026-05-14T16:16:19.774282,fused,True,6,12,2.58,101,-42,low,
2026-05-14T16:16:20.713017,fused,True,6,12,2.58,101,-42,low,
2026-05-14T16:16:21.801465,fused,True,6,12,3.46,100,-23,low,
2026-05-14T16:16:22.736670,fused,True,6,12,3.46,100,-23,low,
2026-05-14T16:16:23.823559,fused,True,6,12,3.17,107,-22,low,
2026-05-14T16:16:24.785162,fused,True,6,11,3.17,107,-22,low,
2026-05-14T16:16:25.851347,fused,True,6,11,3.74,93,-45,low,
2026-05-14T16:16:26.731906,fused,True,6,11,3.74,93,-45,low,
2026-05-14T16:16:27.876839,fused,True,6,11,5.6,97,-44,low,
2026-05-14T16:16:28.720962,fused,True,6,11,5.6,97,-44,low,
2026-05-14T16:16:29.882991,fused,True,6,11,4.1,99,-44,low,
2026-05-14T16:16:30.846995,fused,True,6,11,4.1,99,-44,low,
2026-05-14T16:16:31.908927,fused,True,6,11,4.0,98,-45,low,
2026-05-14T16:16:32.705015,fused,True,6,11,4.0,98,-45,low,
2026-05-14T16:16:33.936450,fused,True,6,11,12.35,82,-25,low,
2026-05-14T16:16:34.827938,fused,True,6,11,12.35,82,-25,low,
2026-05-14T16:16:35.941915,fused,True,6,11,6.12,85,-27,low,
2026-05-14T16:16:37.957681,fused,True,6,11,3.37,94,-44,low,
2026-05-14T16:16:39.962980,fused,True,6,11,15.88,97,-71,low,
2026-05-14T16:16:41.968393,fused,True,6,11,2.75,102,-44,low,
2026-05-19T20:00:10.445826,fused,False,0,0,0.0,0,0,low,
2026-05-19T20:00:12.472493,fused,False,0,0,0.0,0,0,low,
2026-05-19T20:00:14.494950,fused,False,0,0,0.0,0,0,low,
2026-05-19T20:00:16.520860,fused,False,0,0,0.0,0,0,low,
2026-05-19T20:00:18.548997,fused,False,0,0,0.0,0,0,low,
2026-05-19T20:00:20.570681,fused,False,0,0,0.0,0,0,low,
2026-05-19T20:00:22.597894,fused,False,0,0,0.0,0,0,low,
2026-05-19T20:00:24.627966,fused,False,0,0,0.0,0,0,low,
2026-05-19T20:00:26.660128,fused,False,0,0,0.0,0,0,low,
2026-05-30T18:14:32.800063,fused,False,0,0,0.0,0,0,0,0,low,
2026-05-30T18:14:34.809459,fused,False,0,0,0.0,0,0,0,0,low,
2026-05-30T18:14:36.818697,fused,False,0,0,0.0,0,0,0,0,low,
2026-05-30T18:14:38.839301,fused,False,0,0,0.0,0,0,0,0,low,
2026-05-30T18:14:40.865077,fused,False,0,0,0.0,0,0,0,0,low,
2026-05-30T18:14:42.873818,fused,False,0,0,0.0,0,0,0,0,low,
2026-05-30T18:14:44.888404,fused,False,0,0,0.0,0,0,0,0,low,
2026-05-30T18:14:46.895847,fused,False,0,0,0.0,0,0,0,0,low,
2026-05-30T18:14:48.920957,fused,False,0,0,0.0,0,0,0,0,low,
2026-05-30T18:14:50.931282,fused,False,0,0,0.0,0,0,0,0,low,
2026-05-30T18:14:52.956545,fused,False,0,0,0.0,0,0,0,0,low,
2026-05-30T18:14:54.963260,fused,False,0,0,0.0,0,0,0,0,low,
2026-05-30T18:14:56.970954,fused,False,0,0,0.0,0,0,0,0,low,
2026-05-30T18:14:58.989817,fused,False,0,0,0.0,0,0,0,0,low,
2026-05-30T18:15:00.997392,fused,False,0,0,0.0,0,0,0,0,low,
2026-05-30T18:15:03.029418,fused,False,0,0,0.0,0,0,0,0,low,
2026-05-30T18:15:05.053506,fused,False,0,0,0.0,0,0,0,0,low,
2026-05-30T18:15:07.058469,fused,False,0,0,0.0,0,0,0,0,low,
2026-05-30T18:15:09.066193,fused,False,0,0,0.0,0,0,0,0,low,
2026-05-30T18:15:11.072900,fused,False,0,0,0.0,0,0,0,0,low,
2026-05-30T18:15:13.081060,fused,False,0,0,0.0,0,0,0,0,low,
2026-05-30T18:15:15.088197,fused,False,0,0,0.0,0,0,0,0,low,
2026-05-30T18:15:17.107073,fused,False,0,0,0.0,0,0,0,0,low,
2026-05-30T18:15:19.128203,fused,False,0,0,0.0,0,0,0,0,low,
2026-05-30T18:15:21.136295,fused,False,0,0,0.0,0,0,0,0,low,
2026-05-30T18:15:23.149376,fused,False,0,0,0.0,0,0,0,0,low,
2026-05-30T18:15:25.157015,fused,False,0,0,0.0,0,0,0,0,low,
2026-05-30T18:15:27.163177,fused,False,0,0,0.0,0,0,0,0,low,
2026-05-30T18:15:29.186876,fused,False,0,0,0.0,0,0,0,0,low,
2026-05-30T18:15:31.195753,fused,False,0,0,0.0,0,0,0,0,low,
2026-05-30T18:15:33.216015,fused,False,0,0,0.0,0,0,0,0,low,
2026-05-30T18:15:35.241945,fused,False,0,0,0.0,0,0,0,0,low,
2026-05-30T18:15:37.261750,fused,False,0,0,0.0,0,0,0,0,low,
2026-05-30T18:15:39.287642,fused,False,0,0,0.0,0,0,0,0,low,
2026-05-30T18:15:41.311484,fused,False,0,0,0.0,0,0,0,0,low,
2026-05-30T18:15:43.333951,fused,False,0,0,0.0,0,0,0,0,low,
2026-05-30T18:15:45.351487,fused,False,0,0,0.0,0,0,0,0,low,
2026-05-30T18:15:47.382720,fused,False,0,0,0.0,0,0,0,0,low,
2026-05-30T18:15:49.412875,fused,False,0,0,0.0,0,0,0,0,low,
2026-05-30T18:15:51.420326,fused,False,0,0,0.0,0,0,0,0,low,
2026-05-30T18:15:53.428746,fused,False,0,0,0.0,0,0,0,0,low,
2026-05-30T18:15:55.435799,fused,False,0,0,0.0,0,0,0,0,low,
2026-05-30T18:15:57.454323,fused,False,0,0,0.0,0,0,0,0,low,
2026-05-30T18:15:59.462493,fused,False,0,0,0.0,0,0,0,0,low,
2026-05-30T18:16:01.468500,fused,False,0,0,0.0,0,0,0,0,low,
2026-05-30T18:16:03.489292,fused,False,0,0,0.0,0,0,0,0,low,
2026-05-30T18:16:05.495804,fused,False,0,0,0.0,0,0,0,0,low,
2026-05-30T18:16:07.517405,fused,False,0,0,0.0,0,0,0,0,low,
2026-05-30T18:16:09.525938,fused,False,0,0,0.0,0,0,0,0,low,
2026-05-30T18:16:11.531647,fused,False,0,0,0.0,0,0,0,0,low,
2026-05-30T18:16:13.552961,fused,False,0,0,0.0,0,0,0,0,low,
2026-05-30T18:16:15.572856,fused,False,0,0,0.0,0,0,0,0,low,
2026-05-30T18:16:17.580490,fused,False,0,0,0.0,0,0,0,0,low,
2026-05-30T18:16:19.587760,fused,False,0,0,0.0,0,0,0,0,low,
2026-05-30T18:16:21.594287,fused,False,0,0,0.0,0,0,0,0,low,
2026-05-30T18:16:23.614321,fused,False,0,0,0.0,0,0,0,0,low,
2026-05-30T18:16:25.622732,fused,False,0,0,0.0,0,0,0,0,low,
2026-05-30T18:16:27.630019,fused,False,0,0,0.0,0,0,0,0,low,
2026-05-30T18:16:29.649532,fused,False,0,0,0.0,0,0,0,0,low,
2026-05-30T18:16:31.655736,fused,False,0,0,0.0,0,0,0,0,low,
2026-05-30T18:16:33.664374,fused,False,0,0,0.0,0,0,0,0,low,
2026-05-30T18:16:35.692011,fused,False,0,0,0.0,0,0,0,0,low,
2026-05-30T18:16:37.697772,fused,False,0,0,0.0,0,0,0,0,low,
2026-05-30T18:16:39.719072,fused,False,0,0,0.0,0,0,0,0,low,
2026-05-30T18:16:41.745990,fused,False,0,0,0.0,0,0,0,0,low,
2026-05-30T18:16:43.774519,fused,False,0,0,0.0,0,0,0,0,low,
2026-05-30T18:16:45.801650,fused,False,0,0,0.0,0,0,0,0,low,
2026-05-30T18:16:47.829245,fused,False,0,0,0.0,0,0,0,0,low,
2026-05-30T18:16:49.849917,fused,False,0,0,0.0,0,0,0,0,low,
2026-05-30T18:16:51.857037,fused,False,0,0,0.0,0,0,0,0,low,
2026-05-30T18:16:53.866127,fused,False,0,0,0.0,0,0,0,0,low,
2026-05-30T18:16:55.884711,fused,False,0,0,0.0,0,0,0,0,low,
2026-05-30T18:16:57.892449,fused,False,0,0,0.0,0,0,0,0,low,
2026-05-30T18:16:59.899441,fused,False,0,0,0.0,0,0,0,0,low,
2026-05-30T18:17:01.921734,fused,False,0,0,0.0,0,0,0,0,low,
2026-05-30T18:17:03.941383,fused,False,0,0,0.0,0,0,0,0,low,
2026-05-30T18:17:05.968224,fused,False,0,0,0.0,0,0,0,0,low,
2026-05-30T18:17:07.989538,fused,False,0,0,0.0,0,0,0,0,low,
2026-05-30T18:17:10.020950,fused,False,0,0,0.0,0,0,0,0,low,
2026-05-30T18:17:12.044167,fused,False,0,0,0.0,0,0,0,0,low,
2026-05-30T18:17:14.053212,fused,False,0,0,0.0,0,0,0,0,low,
2026-05-30T18:17:16.060650,fused,False,0,0,0.0,0,0,0,0,low,
2026-05-30T18:17:18.081774,fused,False,0,0,0.0,0,0,0,0,low,
2026-05-30T18:17:20.091163,fused,False,0,0,0.0,0,0,0,0,low,
2026-05-30T18:17:22.108858,fused,False,0,0,0.0,0,0,0,0,low,
2026-05-30T18:17:24.115735,fused,False,0,0,0.0,0,0,0,0,low,
2026-05-30T18:17:26.134505,fused,False,0,0,0.0,0,0,0,0,low,
2026-05-30T18:17:28.141372,fused,False,0,0,0.0,0,0,0,0,low,
2026-05-30T18:17:30.162251,fused,False,0,0,0.0,0,0,0,0,low,
2026-05-30T18:17:32.168678,fused,False,0,0,0.0,0,0,0,0,low,
2026-05-30T18:17:34.176873,fused,False,0,0,0.0,0,0,0,0,low,
2026-05-30T18:17:36.194189,fused,False,0,0,0.0,0,0,0,0,low,
2026-05-30T18:17:38.223271,fused,False,0,0,0.0,0,0,0,0,low,
2026-05-30T18:17:40.242399,fused,False,0,0,0.0,0,0,0,0,low,
2026-05-30T18:17:42.272171,fused,False,0,0,0.0,0,0,0,0,low,
2026-05-30T18:17:44.290394,fused,False,0,0,0.0,0,0,0,0,low,
2026-05-30T18:17:46.297275,fused,False,0,0,0.0,0,0,0,0,low,
2026-05-30T18:17:48.319884,fused,False,0,0,0.0,0,0,0,0,low,
2026-05-30T18:17:50.325168,fused,False,0,0,0.0,0,0,0,0,low,
2026-05-30T18:17:52.351788,fused,False,0,0,0.0,0,0,0,0,low,
2026-05-30T18:17:54.368672,fused,False,0,0,0.0,0,0,0,0,low,
2026-05-30T18:17:56.391201,fused,False,0,0,0.0,0,0,0,0,low,
2026-05-30T18:17:58.413155,fused,False,0,0,0.0,0,0,0,0,low,
2026-05-30T18:18:00.420267,fused,False,0,0,0.0,0,0,0,0,low,
2026-05-30T18:18:02.428330,fused,False,0,0,0.0,0,0,0,0,low,
2026-05-30T18:18:04.453507,fused,False,0,0,0.0,0,0,0,0,low,
2026-05-30T18:18:06.461789,fused,False,0,0,0.0,0,0,0,0,low,
2026-05-30T18:18:08.468801,fused,False,0,0,0.0,0,0,0,0,low,
2026-05-30T18:18:10.495303,fused,False,0,0,0.0,0,0,0,0,low,
2026-05-30T18:18:12.502237,fused,False,0,0,0.0,0,0,0,0,low,
2026-05-30T18:18:14.510202,fused,False,0,0,0.0,0,0,0,0,low,
2026-05-30T18:18:16.536719,fused,False,0,0,0.0,0,0,0,0,low,
2026-05-30T18:18:18.543797,fused,False,0,0,0.0,0,0,0,0,low,
2026-05-30T18:18:20.572630,fused,False,0,0,0.0,0,0,0,0,low,
2026-05-30T18:18:22.579994,fused,False,0,0,0.0,0,0,0,0,low,
2026-05-30T18:18:24.607813,fused,False,0,0,0.0,0,0,0,0,low,
2026-05-30T18:18:26.633782,fused,False,0,0,0.0,0,0,0,0,low,
2026-05-30T18:18:28.642350,fused,False,0,0,0.0,0,0,0,0,low,
2026-05-30T18:18:30.647830,fused,False,0,0,0.0,0,0,0,0,low,
2026-05-30T18:18:32.668691,fused,False,0,0,0.0,0,0,0,0,low,
2026-05-30T18:18:34.677753,fused,False,0,0,0.0,0,0,0,0,low,
2026-05-30T18:18:36.690826,fused,False,0,0,0.0,0,0,0,0,low,
2026-05-30T18:18:38.724404,fused,False,0,0,0.0,0,0,0,0,low,
2026-05-30T18:18:40.751888,fused,False,0,0,0.0,0,0,0,0,low,
2026-05-30T18:18:42.758883,fused,False,0,0,0.0,0,0,0,0,low,
2026-05-30T18:18:44.767000,fused,False,0,0,0.0,0,0,0,0,low,
2026-05-30T18:18:46.793955,fused,False,0,0,0.0,0,0,0,0,low,
2026-05-30T18:18:48.814396,fused,False,0,0,0.0,0,0,0,0,low,
2026-05-30T18:18:50.820774,fused,False,0,0,0.0,0,0,0,0,low,
2026-05-30T18:18:52.828467,fused,False,0,0,0.0,0,0,0,0,low,
2026-05-30T18:18:54.835735,fused,False,0,0,0.0,0,0,0,0,low,
2026-05-30T18:18:56.842073,fused,False,0,0,0.0,0,0,0,0,low,
2026-05-30T18:18:58.863081,fused,False,0,0,0.0,0,0,0,0,low,
2026-05-30T18:19:00.870000,fused,False,0,0,0.0,0,0,0,0,low,
2026-05-30T18:19:02.876821,fused,False,0,0,0.0,0,0,0,0,low,
2026-05-30T18:19:04.885829,fused,False,0,0,0.0,0,0,0,0,low,
2026-05-30T18:19:06.894034,fused,False,0,0,0.0,0,0,0,0,low,
2026-05-30T18:19:08.918380,fused,False,0,0,0.0,0,0,0,0,low,
2026-05-30T18:19:10.939167,fused,False,0,0,0.0,0,0,0,0,low,
2026-05-30T18:19:12.961475,fused,False,0,0,0.0,0,0,0,0,low,
2026-05-30T18:19:14.981921,fused,False,0,0,0.0,0,0,0,0,low,
2026-05-30T18:19:17.008968,fused,False,0,0,0.0,0,0,0,0,low,
2026-05-30T18:19:19.036363,fused,False,0,0,0.0,0,0,0,0,low,
2026-05-30T18:19:21.044841,fused,False,0,0,0.0,0,0,0,0,low,
2026-05-30T18:19:23.052929,fused,False,0,0,0.0,0,0,0,0,low,
2026-05-30T18:19:25.071035,fused,False,0,0,0.0,0,0,0,0,low,
2026-05-30T18:19:27.098892,fused,False,0,0,0.0,0,0,0,0,low,
2026-05-30T18:19:29.127436,fused,False,0,0,0.0,0,0,0,0,low,
2026-05-30T18:19:31.134952,fused,False,0,0,0.0,0,0,0,0,low,
2026-05-30T18:19:33.143002,fused,False,0,0,0.0,0,0,0,0,low,
2026-05-30T18:19:35.161936,fused,False,0,0,0.0,0,0,0,0,low,
2026-05-30T18:19:37.181537,fused,False,0,0,0.0,0,0,0,0,low,
2026-05-30T18:19:39.203697,fused,False,0,0,0.0,0,0,0,0,low,
2026-05-30T18:19:41.208912,fused,False,0,0,0.0,0,0,0,0,low,
2026-05-30T18:19:43.221081,fused,False,0,0,0.0,0,0,0,0,low,
2026-05-30T18:19:45.248533,fused,False,0,0,0.0,0,0,0,0,low,
2026-05-30T18:19:47.276515,fused,False,0,0,0.0,0,0,0,0,low,
2026-05-30T18:19:49.292862,fused,False,0,0,0.0,0,0,0,0,low,
2026-05-30T18:19:51.300733,fused,False,0,0,0.0,0,0,0,0,low,
2026-05-30T18:19:53.304826,fused,False,0,0,0.0,0,0,0,0,low,
2026-05-30T18:19:55.317459,fused,False,0,0,0.0,0,0,0,0,low,
2026-05-30T18:19:57.327474,fused,False,0,0,0.0,0,0,0,0,low,
2026-05-30T18:19:59.336751,fused,False,0,0,0.0,0,0,0,0,low,
2026-05-30T18:20:01.342366,fused,False,0,0,0.0,0,0,0,0,low,
2026-05-30T18:20:03.351678,fused,False,0,0,0.0,0,0,0,0,low,
2026-05-30T18:20:05.369200,fused,False,0,0,0.0,0,0,0,0,low,
2026-05-30T18:20:07.390878,fused,False,0,0,0.0,0,0,0,0,low,
2026-05-30T18:20:09.411700,fused,False,0,0,0.0,0,0,0,0,low,
2026-05-30T18:20:11.432017,fused,False,0,0,0.0,0,0,0,0,low,
2026-05-30T18:20:13.461604,fused,False,0,0,0.0,0,0,0,0,low,
2026-05-30T18:20:15.466823,fused,False,0,0,0.0,0,0,0,0,low,
2026-05-30T18:20:17.493807,fused,False,0,0,0.0,0,0,0,0,low,
2026-05-30T18:20:19.501708,fused,False,0,0,0.0,0,0,0,0,low,
2026-05-30T18:20:21.521987,fused,False,0,0,0.0,0,0,0,0,low,
2026-05-30T18:20:23.529519,fused,False,0,0,0.0,0,0,0,0,low,
2026-05-30T18:20:25.535893,fused,False,0,0,0.0,0,0,0,0,low,
2026-05-30T18:20:27.542843,fused,False,0,0,0.0,0,0,0,0,low,
2026-05-30T18:20:29.549327,fused,False,0,0,0.0,0,0,0,0,low,
2026-05-30T18:20:31.558161,fused,False,0,0,0.0,0,0,0,0,low,
2026-05-30T18:20:33.564148,fused,False,0,0,0.0,0,0,0,0,low,
2026-05-30T18:20:35.584544,fused,False,0,0,0.0,0,0,0,0,low,
2026-05-30T18:20:37.604846,fused,False,0,0,0.0,0,0,0,0,low,
2026-05-30T18:20:39.612035,fused,False,0,0,0.0,0,0,0,0,low,
2026-05-30T18:20:41.632938,fused,False,0,0,0.0,0,0,0,0,low,
2026-05-30T18:20:43.654073,fused,False,0,0,0.0,0,0,0,0,low,
2026-05-30T18:20:45.660667,fused,False,0,0,0.0,0,0,0,0,low,
2026-05-30T18:20:47.688758,fused,False,0,0,0.0,0,0,0,0,low,
2026-05-30T18:20:49.694893,fused,False,0,0,0.0,0,0,0,0,low,
2026-05-30T18:20:51.702249,fused,False,0,0,0.0,0,0,0,0,low,
2026-05-30T18:20:53.730080,fused,False,0,0,0.0,0,0,0,0,low,
2026-05-30T18:20:55.757787,fused,False,0,0,0.0,0,0,0,0,low,
2026-05-30T18:20:57.764639,fused,False,0,0,0.0,0,0,0,0,low,
2026-05-30T18:20:59.785382,fused,False,0,0,0.0,0,0,0,0,low,
2026-05-30T18:21:01.790508,fused,False,0,0,0.0,0,0,0,0,low,
2026-05-30T18:21:03.810934,fused,False,0,0,0.0,0,0,0,0,low,
2026-05-30T18:21:05.827196,fused,False,0,0,0.0,0,0,0,0,low,
2026-05-30T18:21:07.847836,fused,False,0,0,0.0,0,0,0,0,low,
2026-05-30T18:21:09.877711,fused,False,0,0,0.0,0,0,0,0,low,
2026-05-30T18:21:11.883665,fused,False,0,0,0.0,0,0,0,0,low,
2026-05-30T18:21:13.904130,fused,False,0,0,0.0,0,0,0,0,low,
2026-05-30T18:21:15.924821,fused,False,0,0,0.0,0,0,0,0,low,
2026-05-30T18:21:17.943999,fused,False,0,0,0.0,0,0,0,0,low,
2026-05-30T18:21:19.959260,fused,False,0,0,0.0,0,0,0,0,low,
2026-05-30T18:21:21.967560,fused,False,0,0,0.0,0,0,0,0,low,
2026-05-30T18:21:23.994234,fused,False,0,0,0.0,0,0,0,0,low,
2026-05-30T18:21:26.021428,fused,False,0,0,0.0,0,0,0,0,low,
2026-05-30T18:21:28.030043,fused,False,0,0,0.0,0,0,0,0,low,
2026-05-30T18:21:30.056089,fused,False,0,0,0.0,0,0,0,0,low,
2026-05-30T18:21:32.065958,fused,False,0,0,0.0,0,0,0,0,low,
2026-05-30T18:21:34.097786,fused,False,0,0,0.0,0,0,0,0,low,
2026-05-30T18:21:36.125531,fused,False,0,0,0.0,0,0,0,0,low,
2026-05-30T18:21:38.153352,fused,False,0,0,0.0,0,0,0,0,low,
2026-05-30T18:21:40.163004,fused,False,0,0,0.0,0,0,0,0,low,
2026-05-30T18:21:42.181802,fused,False,0,0,0.0,0,-34,0,0,low,
2026-05-30T18:21:44.190102,fused,True,0,0,2.21,138,-35,0,0,low,
2026-05-30T18:21:46.197364,fused,True,23,0,4.07,101,-35,2,0,low,
2026-05-30T18:21:48.222559,fused,True,36,0,7.64,92,-35,4,0,low,
2026-05-30T18:21:50.228048,fused,True,30,0,4.43,97,-35,6,0,low,
2026-05-30T18:21:52.240152,fused,True,25,0,3.63,99,-34,8,0,low,
2026-05-30T18:21:54.265827,fused,True,27,0,3.35,90,-35,10,0,low,
2026-05-30T18:21:56.282511,fused,True,21,0,2.49,97,-35,12,0,low,
2026-05-30T18:21:58.319308,fused,True,18,0,3.89,106,-35,14,0,low,
2026-05-30T18:22:00.411725,fused,True,16,0,12.49,113,-74,16,0,low,
2026-05-30T18:22:02.431041,fused,True,10,0,7.61,94,-36,18,0,low,
2026-05-30T18:22:04.439733,fused,True,9,0,3.18,102,-35,20,0,low,
2026-05-30T18:22:06.463386,fused,True,39,0,2.08,95,-35,22,0,low,
2026-05-30T18:22:08.492384,fused,True,35,0,2.65,82,-36,24,0,low,
2026-05-30T18:22:10.501924,fused,True,36,0,3.27,74,-36,26,0,low,
2026-05-30T18:22:12.528978,fused,True,27,0,14.16,79,-36,28,0,low,
2026-05-30T18:22:14.556277,fused,True,21,0,6.2,88,-36,30,0,low,
2026-05-30T18:22:16.577048,fused,True,17,0,2.22,99,-36,32,0,low,
2026-05-30T18:22:18.597415,fused,True,15,0,14.22,88,-36,34,0,low,
2026-05-30T18:22:20.607267,fused,True,20,0,13.67,87,-36,36,0,low,
2026-05-30T18:22:22.632221,fused,True,20,0,7.25,100,-36,38,0,low,
2026-05-30T18:22:24.640327,fused,True,17,0,2.71,102,-36,40,0,low,
2026-05-30T18:22:26.666722,fused,True,28,0,4.33,89,-82,42,0,low,
2026-05-30T18:22:28.689304,fused,True,36,0,12.37,81,-35,44,0,low,
2026-05-30T18:22:30.697397,fused,True,29,0,4.61,95,-36,46,0,low,
2026-05-30T18:22:32.722272,fused,True,38,0,7.39,85,-36,48,0,low,
2026-05-30T18:22:34.747923,fused,True,38,0,3.65,86,-37,50,0,low,
2026-05-30T18:22:36.767810,fused,True,38,0,4.1,73,-36,52,0,low,
2026-05-30T18:22:38.784614,fused,True,38,0,11.0,83,-36,54,0,low,
2026-05-30T18:22:40.792285,fused,True,38,0,6.32,87,-36,56,0,low,
2026-05-30T18:22:42.800756,fused,True,37,0,6.31,85,-36,58,0,low,
2026-05-30T18:22:44.810333,fused,True,36,0,2.88,83,-36,60,0,low,
2026-05-30T18:22:46.833374,fused,True,22,0,4.21,88,-36,62,0,low,
2026-05-30T18:22:48.861137,fused,True,25,0,6.83,85,-36,64,0,low,
2026-05-30T18:22:50.887209,fused,True,30,0,5.35,87,-36,66,0,low,
2026-05-30T18:22:52.957963,fused,True,30,0,5.76,96,-73,68,0,low,
2026-05-30T18:22:54.983039,fused,True,32,0,2.85,91,-36,70,0,low,
2026-05-30T18:22:57.007123,fused,True,26,0,18.08,84,-36,72,0,low,
2026-05-30T18:22:59.035095,fused,True,35,0,4.26,74,-36,74,0,low,
2026-05-30T18:23:01.059778,fused,True,26,0,7.47,74,-36,76,0,low,
2026-05-30T18:23:03.077710,fused,True,20,0,4.8,87,-36,78,0,low,
2026-05-30T18:23:05.082799,fused,True,34,0,6.08,90,-36,80,0,low,
2026-05-30T18:23:07.105569,fused,True,39,0,4.34,91,-34,82,0,low,
2026-05-30T18:23:09.132547,fused,True,35,0,7.3,97,-43,84,0,low,
2026-05-30T18:23:11.139148,fused,True,35,0,7.3,97,-43,86,0,low,
2026-05-30T18:23:13.159977,fused,True,35,0,7.3,97,-43,88,0,low,
2026-05-30T18:23:15.183307,fused,True,35,0,7.3,97,-43,90,0,low,
2026-05-30T18:23:17.207839,fused,True,35,0,7.3,97,-43,93,0,low,
2026-05-30T18:23:19.217471,fused,True,35,0,7.3,97,-43,95,0,low,
2026-05-30T18:23:21.246835,fused,True,35,0,7.3,97,-43,97,0,low,
2026-05-30T18:23:23.276521,fused,True,35,0,7.3,97,-43,99,0,low,
2026-05-30T18:23:25.308899,fused,True,35,0,7.3,97,-43,101,0,low,
2026-05-30T18:23:27.331466,fused,True,35,0,7.3,97,-43,103,0,low,
2026-05-30T18:23:29.343230,fused,True,35,0,7.3,97,-43,105,0,low,
2026-05-30T18:23:31.373907,fused,True,35,0,7.3,97,-43,107,0,low,
2026-05-30T18:23:33.395791,fused,True,35,0,7.3,97,-43,109,0,low,
2026-05-30T18:23:35.418862,fused,True,35,0,7.3,97,-43,111,0,low,
2026-05-30T18:23:37.438655,fused,True,35,0,7.3,97,-43,113,0,low,
2026-05-30T18:23:39.466573,fused,True,35,0,7.3,97,-43,115,0,low,
2026-05-30T18:23:41.474181,fused,True,35,0,7.3,97,-43,117,0,low,
2026-05-30T18:23:43.503435,fused,True,35,0,7.3,97,-43,119,0,low,
2026-05-30T18:23:45.537184,fused,True,35,0,7.3,97,-43,121,0,low,
2026-05-30T18:23:47.545221,fused,True,35,0,7.3,97,-43,123,0,low,
2026-05-30T18:23:49.554711,fused,True,35,0,7.3,97,-43,125,0,low,
2026-05-30T18:23:51.564948,fused,True,35,0,7.3,97,-43,127,0,low,
2026-05-30T18:23:53.587094,fused,True,35,0,7.3,97,-43,129,0,low,
2026-05-30T18:23:55.605157,fused,True,35,0,7.3,97,-43,131,0,low,
2026-05-30T18:23:57.631362,fused,True,35,0,7.3,97,-43,133,0,low,
2026-05-30T18:23:59.641637,fused,True,35,0,7.3,97,-43,135,0,low,
2026-05-30T18:24:01.651209,fused,True,35,0,7.3,97,-43,137,0,low,
2026-05-30T18:24:03.678236,fused,True,35,0,7.3,97,-43,139,0,low,
2026-05-30T18:24:05.706767,fused,True,35,0,7.3,97,-43,141,0,low,
2026-05-30T18:24:07.713045,fused,True,35,0,7.3,97,-43,143,0,low,
2026-05-30T18:24:09.739307,fused,True,35,0,7.3,97,-43,145,0,low,
2026-05-30T18:24:11.750289,fused,True,35,0,7.3,97,-43,147,0,low,
2026-05-30T18:24:13.775851,fused,True,35,0,7.3,97,-43,149,0,low,
2026-05-30T18:24:15.796399,fused,True,35,0,7.3,97,-43,151,0,low,
2026-05-30T18:24:17.804747,fused,True,35,0,7.3,97,-43,153,0,low,
2026-05-30T18:24:19.835251,fused,True,35,0,7.3,97,-43,155,0,low,
2026-05-30T18:24:21.845300,fused,True,35,0,7.3,97,-43,157,0,low,
2026-05-30T18:24:23.876410,fused,True,35,0,7.3,97,-43,159,0,low,
2026-05-30T18:24:25.899824,fused,True,35,0,7.3,97,-43,161,0,low,
2026-05-30T18:24:27.923216,fused,True,35,0,7.3,97,-43,163,0,low,
2026-05-30T18:24:29.945351,fused,True,35,0,7.3,97,-43,165,0,low,
2026-05-30T18:24:31.974793,fused,True,35,0,7.3,97,-43,167,0,low,
2026-05-30T18:24:33.984762,fused,True,35,0,7.3,97,-43,169,0,low,
2026-05-30T18:24:36.008073,fused,True,35,0,7.3,97,-43,171,0,low,
2026-05-30T18:24:38.015692,fused,True,35,0,7.3,97,-43,173,0,low,
2026-05-30T18:24:40.022450,fused,True,35,0,7.3,97,-43,175,0,low,
2026-05-30T18:24:42.054629,fused,True,35,0,7.3,97,-43,177,0,low,
2026-05-30T18:24:44.082374,fused,True,35,0,7.3,97,-43,179,0,low,
2026-05-30T18:24:46.105066,fused,True,35,0,7.3,97,-43,181,0,low,
2026-05-30T18:24:48.141582,fused,True,35,0,7.3,97,-43,183,0,low,
2026-05-30T18:24:50.152020,fused,True,35,0,7.3,97,-43,185,0,low,
2026-05-30T18:24:52.181295,fused,True,35,0,7.3,97,-43,187,0,low,
2026-05-30T18:24:54.188399,fused,True,35,0,7.3,97,-43,189,0,low,
2026-05-30T18:24:56.223423,fused,True,35,0,7.3,97,-43,192,0,low,
2026-05-30T18:24:58.241867,fused,True,35,0,7.3,97,-43,194,0,low,
2026-05-30T18:25:00.272435,fused,True,35,0,7.3,97,-43,196,0,low,
2026-05-30T18:25:02.299944,fused,True,35,0,7.3,97,-43,198,0,low,
2026-05-30T18:25:04.307498,fused,True,35,0,7.3,97,-43,200,0,low,
2026-05-30T18:25:06.315113,fused,True,35,0,7.3,97,-43,202,0,low,
2026-05-30T18:25:08.325417,fused,True,35,0,7.3,97,-43,204,0,low,
2026-05-30T18:25:10.351011,fused,True,35,0,7.3,97,-43,206,0,low,
2026-05-30T18:25:12.387386,fused,True,35,0,7.3,97,-43,208,0,low,
2026-05-30T18:25:14.397277,fused,True,35,0,7.3,97,-43,210,0,low,
2026-05-30T18:25:16.406052,fused,True,35,0,7.3,97,-43,212,0,low,
2026-05-30T18:25:18.429045,fused,True,35,0,7.3,97,-43,214,0,low,
2026-05-30T18:25:20.439369,fused,True,35,0,7.3,97,-43,216,0,low,
2026-05-30T18:25:22.449276,fused,True,35,0,7.3,97,-43,218,0,low,
2026-05-30T18:25:24.456417,fused,True,35,0,7.3,97,-43,220,0,low,
2026-05-30T18:25:26.469655,fused,True,35,0,7.3,97,-43,222,0,low,
2026-05-30T18:25:28.478118,fused,True,35,0,7.3,97,-43,224,0,low,
2026-05-30T18:25:30.486868,fused,True,35,0,7.3,97,-43,226,0,low,
2026-05-30T18:25:32.517410,fused,True,35,0,7.3,97,-43,228,0,low,
2026-05-30T18:25:34.526197,fused,True,35,0,7.3,97,-43,230,0,low,
2026-05-30T18:25:36.555940,fused,True,35,0,7.3,97,-43,232,0,low,
2026-05-30T18:25:38.575756,fused,True,35,0,7.3,97,-43,234,0,low,
2026-05-30T18:25:40.596843,fused,True,35,0,7.3,97,-43,236,0,low,
2026-05-30T18:25:42.607152,fused,True,35,0,7.3,97,-43,238,0,low,
2026-05-30T18:25:44.616268,fused,True,35,0,7.3,97,-43,240,0,low,
2026-05-30T18:25:46.627213,fused,True,35,0,7.3,97,-43,242,0,low,
2026-05-30T18:25:48.639639,fused,True,35,0,7.3,97,-43,244,0,low,
2026-05-30T18:25:50.647937,fused,True,35,0,7.3,97,-43,246,0,low,
2026-05-30T18:25:52.667382,fused,True,35,0,7.3,97,-43,248,0,low,
2026-05-30T18:25:54.699795,fused,True,35,0,7.3,97,-43,250,0,low,
2026-05-30T18:25:56.724063,fused,True,35,0,7.3,97,-43,252,0,low,
2026-05-30T18:25:58.743653,fused,True,35,0,7.3,97,-43,254,0,low,
2026-05-30T18:26:00.762298,fused,True,35,0,7.3,97,-43,256,0,low,
2026-05-30T18:26:02.773411,fused,True,35,0,7.3,97,-43,258,0,low,
2026-05-30T18:26:04.784532,fused,True,35,0,7.3,97,-43,260,0,low,
2026-05-30T18:26:06.802189,fused,True,35,0,7.3,97,-43,262,0,low,
2026-05-30T18:26:08.826697,fused,True,35,0,7.3,97,-43,264,0,low,
2026-05-30T18:26:10.852523,fused,True,35,0,7.3,97,-43,266,0,low,
2026-05-30T18:26:12.870894,fused,True,35,0,7.3,97,-43,268,0,low,
2026-05-30T18:26:14.895249,fused,True,35,0,7.3,97,-43,270,0,low,
2026-05-30T18:26:16.903201,fused,True,35,0,7.3,97,-43,272,0,low,
2026-05-30T18:26:18.926597,fused,True,35,0,7.3,97,-43,274,0,low,
2026-05-30T18:26:20.959316,fused,True,35,0,7.3,97,-43,276,0,low,
2026-05-30T18:26:22.965798,fused,True,35,0,7.3,97,-43,278,0,low,
2026-05-30T18:26:24.992455,fused,True,35,0,7.3,97,-43,280,0,low,
2026-05-30T18:26:27.020434,fused,True,35,0,7.3,97,-43,282,0,low,
2026-05-30T18:26:29.028540,fused,True,35,0,7.3,97,-43,284,0,low,
2026-05-30T18:26:31.058525,fused,True,35,0,7.3,97,-43,286,0,low,
2026-05-30T18:26:33.069576,fused,True,35,0,7.3,97,-43,288,0,low,
2026-05-30T18:26:35.075947,fused,True,35,0,7.3,97,-43,290,0,low,
2026-05-30T18:26:37.110848,fused,True,35,0,7.3,97,-43,292,0,low,
2026-05-30T18:26:39.131285,fused,True,35,0,7.3,97,-43,294,0,low,
2026-05-30T18:26:41.159303,fused,True,35,0,7.3,97,-43,296,0,low,
2026-05-30T18:26:43.179588,fused,True,35,0,7.3,97,-43,298,0,low,
2026-05-30T18:26:45.204411,fused,True,35,0,7.3,97,-43,301,0,medium,Prolonged occupancy: 5m 1s
2026-05-30T18:26:47.224187,fused,True,35,0,7.3,97,-43,303,0,medium,Prolonged occupancy: 5m 3s
2026-05-30T18:26:49.242617,fused,True,35,0,7.3,97,-43,305,0,medium,Prolonged occupancy: 5m 5s
2026-05-30T18:26:51.268709,fused,True,35,0,7.3,97,-43,307,0,medium,Prolonged occupancy: 5m 7s
2026-05-30T18:26:53.277828,fused,True,35,0,7.3,97,-43,309,0,medium,Prolonged occupancy: 5m 9s
2026-05-30T18:26:55.310802,fused,True,35,0,7.3,97,-43,311,0,medium,Prolonged occupancy: 5m 11s
2026-05-30T18:26:57.319897,fused,True,35,0,7.3,97,-43,313,0,medium,Prolonged occupancy: 5m 13s
2026-05-30T18:26:59.353022,fused,True,35,0,7.3,97,-43,315,0,medium,Prolonged occupancy: 5m 15s
2026-05-30T18:27:01.362999,fused,True,35,0,7.3,97,-43,317,0,medium,Prolonged occupancy: 5m 17s
2026-05-30T18:27:03.372228,fused,True,35,0,7.3,97,-43,319,0,medium,Prolonged occupancy: 5m 19s
2026-05-30T18:27:05.393188,fused,True,35,0,7.3,97,-43,321,0,medium,Prolonged occupancy: 5m 21s
2026-05-30T18:27:07.421915,fused,True,35,0,7.3,97,-43,323,0,medium,Prolonged occupancy: 5m 23s
2026-05-30T18:27:09.429138,fused,True,35,0,7.3,97,-43,325,0,medium,Prolonged occupancy: 5m 25s
2026-05-30T18:27:11.446863,fused,True,35,0,7.3,97,-43,327,0,medium,Prolonged occupancy: 5m 27s
2026-05-30T18:27:13.466671,fused,True,35,0,7.3,97,-43,329,0,medium,Prolonged occupancy: 5m 29s
2026-05-30T18:27:15.474703,fused,True,35,0,7.3,97,-43,331,0,medium,Prolonged occupancy: 5m 31s
2026-05-30T18:27:17.482051,fused,True,35,0,7.3,97,-43,333,0,medium,Prolonged occupancy: 5m 33s
2026-05-30T18:27:19.516421,fused,True,35,0,7.3,97,-43,335,0,medium,Prolonged occupancy: 5m 35s
2026-05-30T18:27:21.521771,fused,True,35,0,7.3,97,-43,337,0,medium,Prolonged occupancy: 5m 37s
2026-05-30T18:27:23.531432,fused,True,35,0,7.3,97,-43,339,0,medium,Prolonged occupancy: 5m 39s
2026-05-30T18:27:25.554616,fused,True,35,0,7.3,97,-43,341,0,medium,Prolonged occupancy: 5m 41s
2026-05-30T18:27:27.572695,fused,True,35,0,7.3,97,-43,343,0,medium,Prolonged occupancy: 5m 43s
2026-05-30T18:27:29.580409,fused,True,35,0,7.3,97,-43,345,0,medium,Prolonged occupancy: 5m 45s
2026-05-30T18:27:31.590473,fused,True,35,0,7.3,97,-43,347,0,medium,Prolonged occupancy: 5m 47s
2026-05-30T18:27:33.608091,fused,True,35,0,7.3,97,-43,349,0,medium,Prolonged occupancy: 5m 49s
2026-05-30T18:27:35.625857,fused,True,35,0,7.3,97,-43,351,0,medium,Prolonged occupancy: 5m 51s
2026-05-30T18:27:37.643760,fused,True,35,0,7.3,97,-43,353,0,medium,Prolonged occupancy: 5m 53s
2026-05-30T18:27:39.662884,fused,True,35,0,7.3,97,-43,355,0,medium,Prolonged occupancy: 5m 55s
2026-05-30T18:27:41.670173,fused,True,35,0,7.3,97,-43,357,0,medium,Prolonged occupancy: 5m 57s
2026-05-30T18:27:43.699400,fused,True,35,0,7.3,97,-43,359,0,medium,Prolonged occupancy: 5m 59s
2026-05-30T18:27:45.704640,fused,True,35,0,7.3,97,-43,361,0,medium,Prolonged occupancy: 6m 1s
2026-05-30T18:27:47.713254,fused,True,35,0,7.3,97,-43,363,0,medium,Prolonged occupancy: 6m 3s
2026-05-30T18:27:49.720683,fused,True,35,0,7.3,97,-43,365,0,medium,Prolonged occupancy: 6m 5s
2026-05-30T18:27:51.729587,fused,True,35,0,7.3,97,-43,367,0,medium,Prolonged occupancy: 6m 7s
2026-05-30T18:27:53.753828,fused,True,35,0,7.3,97,-43,369,0,medium,Prolonged occupancy: 6m 9s
2026-05-30T18:27:55.782092,fused,True,35,0,7.3,97,-43,371,0,medium,Prolonged occupancy: 6m 11s
2026-05-30T18:27:57.804738,fused,True,35,0,7.3,97,-43,373,0,medium,Prolonged occupancy: 6m 13s
2026-05-30T18:27:59.812667,fused,True,35,0,7.3,97,-43,375,0,medium,Prolonged occupancy: 6m 15s
2026-05-30T18:28:01.838822,fused,True,35,0,7.3,97,-43,377,0,medium,Prolonged occupancy: 6m 17s
2026-05-30T18:28:03.858826,fused,True,35,0,7.3,97,-43,379,0,medium,Prolonged occupancy: 6m 19s
2026-05-30T18:28:05.876791,fused,True,35,0,7.3,97,-43,381,0,medium,Prolonged occupancy: 6m 21s
2026-05-30T18:28:07.901416,fused,True,35,0,7.3,97,-43,383,0,medium,Prolonged occupancy: 6m 23s
2026-05-30T18:28:09.909858,fused,True,35,0,7.3,97,-43,385,0,medium,Prolonged occupancy: 6m 25s
2026-05-30T18:28:11.917594,fused,True,35,0,7.3,97,-43,387,0,medium,Prolonged occupancy: 6m 27s
2026-05-30T18:28:13.933096,fused,True,35,0,7.3,97,-43,389,0,medium,Prolonged occupancy: 6m 29s
2026-05-30T18:28:15.953512,fused,True,35,0,7.3,97,-43,391,0,medium,Prolonged occupancy: 6m 31s
2026-05-30T18:28:17.958733,fused,True,35,0,7.3,97,-43,393,0,medium,Prolonged occupancy: 6m 33s
2026-05-30T18:28:19.971638,fused,True,35,0,7.3,97,-43,395,0,medium,Prolonged occupancy: 6m 35s
2026-05-30T18:28:21.978348,fused,True,35,0,7.3,97,-43,397,0,medium,Prolonged occupancy: 6m 37s
2026-05-30T18:28:23.994882,fused,True,35,0,7.3,97,-43,399,0,medium,Prolonged occupancy: 6m 39s
2026-05-30T18:28:26.001469,fused,True,35,0,7.3,97,-43,401,0,medium,Prolonged occupancy: 6m 41s
2026-05-30T18:28:28.029675,fused,True,35,0,7.3,97,-43,403,0,medium,Prolonged occupancy: 6m 43s
2026-05-30T18:28:30.050791,fused,True,35,0,7.3,97,-43,405,0,medium,Prolonged occupancy: 6m 45s
2026-05-30T18:28:32.067893,fused,True,35,0,7.3,97,-43,407,0,medium,Prolonged occupancy: 6m 47s
2026-05-30T18:28:34.096274,fused,True,35,0,7.3,97,-43,409,0,medium,Prolonged occupancy: 6m 49s
2026-05-30T18:28:36.102608,fused,True,35,0,7.3,97,-43,411,0,medium,Prolonged occupancy: 6m 51s
2026-05-30T18:28:38.128101,fused,True,35,0,7.3,97,-43,413,0,medium,Prolonged occupancy: 6m 53s
2026-05-30T18:28:40.147071,fused,True,35,0,7.3,97,-43,415,0,medium,Prolonged occupancy: 6m 55s
2026-05-30T18:28:42.172364,fused,True,35,0,7.3,97,-43,417,0,medium,Prolonged occupancy: 6m 57s
2026-05-30T18:28:44.194934,fused,True,35,0,7.3,97,-43,420,0,medium,Prolonged occupancy: 7m 0s
2026-05-30T18:28:46.221382,fused,True,35,0,7.3,97,-43,422,0,medium,Prolonged occupancy: 7m 2s
2026-05-30T18:28:48.252273,fused,True,35,0,7.3,97,-43,424,0,medium,Prolonged occupancy: 7m 4s
2026-05-30T18:28:50.258991,fused,True,35,0,7.3,97,-43,426,0,medium,Prolonged occupancy: 7m 6s
2026-05-30T18:28:52.281845,fused,True,35,0,7.3,97,-43,428,0,medium,Prolonged occupancy: 7m 8s
2026-05-30T18:28:54.304997,fused,True,35,0,7.3,97,-43,430,0,medium,Prolonged occupancy: 7m 10s
2026-05-30T18:28:56.315873,fused,True,35,0,7.3,97,-43,432,0,medium,Prolonged occupancy: 7m 12s
2026-05-30T18:28:58.336022,fused,True,35,0,7.3,97,-43,434,0,medium,Prolonged occupancy: 7m 14s
2026-05-30T18:29:00.355385,fused,True,35,0,7.3,97,-43,436,0,medium,Prolonged occupancy: 7m 16s
2026-05-30T18:29:02.360556,fused,True,35,0,7.3,97,-43,438,0,medium,Prolonged occupancy: 7m 18s
2026-05-30T18:29:04.377191,fused,True,35,0,7.3,97,-43,440,0,medium,Prolonged occupancy: 7m 20s
2026-05-30T18:29:06.394229,fused,True,35,0,7.3,97,-43,442,0,medium,Prolonged occupancy: 7m 22s
2026-05-30T18:29:08.402232,fused,True,35,0,7.3,97,-43,444,0,medium,Prolonged occupancy: 7m 24s
2026-05-30T18:29:10.437520,fused,True,35,0,7.3,97,-43,446,0,medium,Prolonged occupancy: 7m 26s
2026-05-30T18:29:12.443799,fused,True,35,0,7.3,97,-43,448,0,medium,Prolonged occupancy: 7m 28s
2026-05-30T18:29:14.450212,fused,True,35,0,7.3,97,-43,450,0,medium,Prolonged occupancy: 7m 30s
2026-05-30T18:29:16.470773,fused,True,35,0,7.3,97,-43,452,0,medium,Prolonged occupancy: 7m 32s
2026-05-30T18:29:18.496474,fused,True,35,0,7.3,97,-43,454,0,medium,Prolonged occupancy: 7m 34s
2026-05-30T18:29:20.512033,fused,True,35,0,7.3,97,-43,456,0,medium,Prolonged occupancy: 7m 36s
2026-05-30T18:29:22.531607,fused,True,35,0,7.3,97,-43,458,0,medium,Prolonged occupancy: 7m 38s
2026-05-30T18:29:24.554045,fused,True,35,0,7.3,97,-43,460,0,medium,Prolonged occupancy: 7m 40s
2026-05-30T18:29:26.560649,fused,True,35,0,7.3,97,-43,462,0,medium,Prolonged occupancy: 7m 42s
2026-05-30T18:29:29.116824,fused,True,35,0,7.3,97,-43,464,0,medium,Prolonged occupancy: 7m 44s
2026-05-30T18:29:31.337016,fused,True,35,0,7.3,97,-43,467,0,medium,Prolonged occupancy: 7m 47s
2026-05-30T18:29:33.416750,fused,True,35,0,7.3,97,-43,469,0,medium,Prolonged occupancy: 7m 49s
2026-05-30T18:29:35.425792,fused,True,35,0,7.3,97,-43,471,0,medium,Prolonged occupancy: 7m 51s
2026-05-30T18:29:37.449934,fused,True,35,0,7.3,97,-43,473,0,medium,Prolonged occupancy: 7m 53s
2026-05-30T18:29:39.470074,fused,True,35,0,7.3,97,-43,475,0,medium,Prolonged occupancy: 7m 55s
2026-05-30T18:29:41.480184,fused,True,35,0,7.3,97,-43,477,0,medium,Prolonged occupancy: 7m 57s
2026-05-30T18:29:43.497334,fused,True,35,0,7.3,97,-43,479,0,medium,Prolonged occupancy: 7m 59s
2026-05-30T18:29:45.527052,fused,True,35,0,7.3,97,-43,481,0,medium,Prolonged occupancy: 8m 1s
2026-05-30T18:29:47.533133,fused,True,35,0,7.3,97,-43,483,0,medium,Prolonged occupancy: 8m 3s
2026-05-30T18:29:49.551147,fused,True,35,0,7.3,97,-43,485,0,medium,Prolonged occupancy: 8m 5s
2026-05-30T18:29:51.559069,fused,True,35,0,7.3,97,-43,487,0,medium,Prolonged occupancy: 8m 7s
2026-05-30T18:29:53.582651,fused,True,35,0,7.3,97,-43,489,0,medium,Prolonged occupancy: 8m 9s
2026-05-30T18:29:55.590836,fused,True,35,0,7.3,97,-43,491,0,medium,Prolonged occupancy: 8m 11s
2026-05-30T18:29:57.596257,fused,True,35,0,7.3,97,-43,493,0,medium,Prolonged occupancy: 8m 13s
2026-05-30T18:29:59.605826,fused,True,35,0,7.3,97,-43,495,0,medium,Prolonged occupancy: 8m 15s
2026-05-30T18:30:01.612195,fused,True,35,0,7.3,97,-43,497,0,medium,Prolonged occupancy: 8m 17s
2026-05-30T18:30:03.639763,fused,True,35,0,7.3,97,-43,499,0,medium,Prolonged occupancy: 8m 19s
2026-05-30T18:30:05.668625,fused,True,35,0,7.3,97,-43,501,0,medium,Prolonged occupancy: 8m 21s
2026-05-30T18:30:07.673107,fused,True,35,0,7.3,97,-43,503,0,medium,Prolonged occupancy: 8m 23s
2026-05-30T18:30:09.694342,fused,True,35,0,7.3,97,-43,505,0,medium,Prolonged occupancy: 8m 25s
2026-05-30T18:30:11.717181,fused,True,35,0,7.3,97,-43,507,0,medium,Prolonged occupancy: 8m 27s
2026-05-30T18:30:13.745910,fused,True,35,0,7.3,97,-43,509,0,medium,Prolonged occupancy: 8m 29s
2026-05-30T18:30:15.770609,fused,True,35,0,7.3,97,-43,511,0,medium,Prolonged occupancy: 8m 31s
2026-05-30T18:30:17.778271,fused,True,35,0,7.3,97,-43,513,0,medium,Prolonged occupancy: 8m 33s
2026-05-30T18:30:19.805344,fused,True,35,0,7.3,97,-43,515,0,medium,Prolonged occupancy: 8m 35s
2026-05-30T18:30:21.836283,fused,True,35,0,7.3,97,-43,517,0,medium,Prolonged occupancy: 8m 37s
2026-05-30T18:30:23.841336,fused,True,35,0,7.3,97,-43,519,0,medium,Prolonged occupancy: 8m 39s
2026-05-30T18:30:25.871407,fused,True,35,0,7.3,97,-43,521,0,medium,Prolonged occupancy: 8m 41s
2026-05-30T18:30:27.895064,fused,True,35,0,7.3,97,-43,523,0,medium,Prolonged occupancy: 8m 43s
2026-05-30T18:30:29.917608,fused,True,35,0,7.3,97,-43,525,0,medium,Prolonged occupancy: 8m 45s
2026-05-30T18:30:31.938775,fused,True,35,0,7.3,97,-43,527,0,medium,Prolonged occupancy: 8m 47s
2026-05-30T18:30:33.958707,fused,True,35,0,7.3,97,-43,529,0,medium,Prolonged occupancy: 8m 49s
2026-05-30T18:30:35.981387,fused,True,35,0,7.3,97,-43,531,0,medium,Prolonged occupancy: 8m 51s
2026-05-30T18:30:38.003460,fused,True,35,0,7.3,97,-43,533,0,medium,Prolonged occupancy: 8m 53s
2026-05-30T18:30:40.025529,fused,True,35,0,7.3,97,-43,535,0,medium,Prolonged occupancy: 8m 55s
2026-05-30T18:30:42.047305,fused,True,35,0,7.3,97,-43,537,0,medium,Prolonged occupancy: 8m 57s
2026-05-30T18:30:44.068784,fused,True,35,0,7.3,97,-43,539,0,medium,Prolonged occupancy: 8m 59s
2026-05-30T18:30:46.095180,fused,True,35,0,7.3,97,-43,541,0,medium,Prolonged occupancy: 9m 1s
2026-05-30T18:30:48.125726,fused,True,35,0,7.3,97,-43,543,0,medium,Prolonged occupancy: 9m 3s
2026-05-30T18:30:50.152863,fused,True,35,0,7.3,97,-43,545,0,medium,Prolonged occupancy: 9m 5s
2026-05-30T18:30:52.176449,fused,True,35,0,7.3,97,-43,547,0,medium,Prolonged occupancy: 9m 7s
2026-05-30T18:30:54.199087,fused,True,35,0,7.3,97,-43,550,0,medium,Prolonged occupancy: 9m 10s
2026-05-30T18:30:56.224072,fused,True,35,0,7.3,97,-43,552,0,medium,Prolonged occupancy: 9m 12s
2026-05-30T18:30:58.234953,fused,True,35,0,7.3,97,-43,554,0,medium,Prolonged occupancy: 9m 14s
2026-05-30T18:31:00.255936,fused,True,35,0,7.3,97,-43,556,0,medium,Prolonged occupancy: 9m 16s
2026-05-30T18:31:02.264971,fused,True,35,0,7.3,97,-43,558,0,medium,Prolonged occupancy: 9m 18s
2026-05-30T18:31:04.273940,fused,True,35,0,7.3,97,-43,560,0,medium,Prolonged occupancy: 9m 20s
2026-05-30T18:31:06.300764,fused,True,35,0,7.3,97,-43,562,0,medium,Prolonged occupancy: 9m 22s
2026-05-30T18:31:08.310456,fused,True,35,0,7.3,97,-43,564,0,medium,Prolonged occupancy: 9m 24s
2026-05-30T18:31:10.328727,fused,True,35,0,7.3,97,-43,566,0,medium,Prolonged occupancy: 9m 26s
2026-05-30T18:31:12.360667,fused,True,35,0,7.3,97,-43,568,0,medium,Prolonged occupancy: 9m 28s
2026-05-30T18:31:14.386228,fused,True,35,0,7.3,97,-43,570,0,medium,Prolonged occupancy: 9m 30s
2026-05-30T18:31:16.410800,fused,True,35,0,7.3,97,-43,572,0,medium,Prolonged occupancy: 9m 32s
2026-05-30T18:31:18.419726,fused,True,35,0,7.3,97,-43,574,0,medium,Prolonged occupancy: 9m 34s
2026-05-30T18:31:20.450798,fused,True,35,0,7.3,97,-43,576,0,medium,Prolonged occupancy: 9m 36s
2026-05-30T18:31:22.476754,fused,True,35,0,7.3,97,-43,578,0,medium,Prolonged occupancy: 9m 38s
2026-05-30T18:31:24.485518,fused,True,35,0,7.3,97,-43,580,0,medium,Prolonged occupancy: 9m 40s
2026-05-30T18:31:26.510003,fused,True,35,0,7.3,97,-43,582,0,medium,Prolonged occupancy: 9m 42s
2026-05-30T18:31:28.536844,fused,True,35,0,7.3,97,-43,584,0,medium,Prolonged occupancy: 9m 44s
2026-05-30T18:31:30.554282,fused,True,35,0,7.3,97,-43,586,0,medium,Prolonged occupancy: 9m 46s
2026-05-30T18:31:32.576693,fused,True,35,0,7.3,97,-43,588,0,medium,Prolonged occupancy: 9m 48s
2026-05-30T18:31:34.584369,fused,True,35,0,7.3,97,-43,590,0,medium,Prolonged occupancy: 9m 50s
2026-05-30T18:31:36.617194,fused,True,35,0,7.3,97,-43,592,0,medium,Prolonged occupancy: 9m 52s
2026-05-30T18:31:38.638232,fused,True,35,0,7.3,97,-43,594,0,medium,Prolonged occupancy: 9m 54s
2026-05-30T18:31:40.663988,fused,True,35,0,7.3,97,-43,596,0,medium,Prolonged occupancy: 9m 56s
2026-05-30T18:31:42.682788,fused,True,35,0,7.3,97,-43,598,0,medium,Prolonged occupancy: 9m 58s
2026-05-30T18:31:44.693955,fused,True,35,0,7.3,97,-43,600,0,high,Prolonged occupancy: 10m 0s; Extended stay — possible incident
2026-05-30T18:31:46.731415,fused,True,35,0,7.3,97,-43,602,0,high,Prolonged occupancy: 10m 2s; Extended stay — possible incident
2026-05-30T18:31:48.756793,fused,True,35,0,7.3,97,-43,604,0,high,Prolonged occupancy: 10m 4s; Extended stay — possible incident
2026-05-30T18:31:50.766265,fused,True,35,0,7.3,97,-43,606,0,high,Prolonged occupancy: 10m 6s; Extended stay — possible incident
2026-05-30T18:31:52.796424,fused,True,35,0,7.3,97,-43,608,0,high,Prolonged occupancy: 10m 8s; Extended stay — possible incident
2026-05-30T18:31:54.817834,fused,True,35,0,7.3,97,-43,610,0,high,Prolonged occupancy: 10m 10s; Extended stay — possible incident
2026-05-30T18:31:56.839244,fused,True,35,0,7.3,97,-43,612,0,high,Prolonged occupancy: 10m 12s; Extended stay — possible incident
2026-05-30T18:31:58.861918,fused,True,35,0,7.3,97,-43,614,0,high,Prolonged occupancy: 10m 14s; Extended stay — possible incident
2026-05-30T18:32:00.889276,fused,True,35,0,7.3,97,-43,616,0,high,Prolonged occupancy: 10m 16s; Extended stay — possible incident
2026-05-30T18:32:02.897516,fused,True,35,0,7.3,97,-43,618,0,high,Prolonged occupancy: 10m 18s; Extended stay — possible incident
2026-05-30T18:32:04.919379,fused,True,35,0,7.3,97,-43,620,0,high,Prolonged occupancy: 10m 20s; Extended stay — possible incident
2026-05-30T18:32:06.939262,fused,True,35,0,7.3,97,-43,622,0,high,Prolonged occupancy: 10m 22s; Extended stay — possible incident
2026-05-30T18:32:08.967670,fused,True,35,0,7.3,97,-43,624,0,high,Prolonged occupancy: 10m 24s; Extended stay — possible incident
2026-05-30T18:32:10.986484,fused,True,35,0,7.3,97,-43,626,0,high,Prolonged occupancy: 10m 26s; Extended stay — possible incident
2026-05-30T18:32:13.018592,fused,True,35,0,7.3,97,-43,628,0,high,Prolonged occupancy: 10m 28s; Extended stay — possible incident
2026-05-30T18:32:15.042083,fused,True,35,0,7.3,97,-43,630,0,high,Prolonged occupancy: 10m 30s; Extended stay — possible incident
2026-05-30T18:32:17.050285,fused,True,35,0,7.3,97,-43,632,0,high,Prolonged occupancy: 10m 32s; Extended stay — possible incident
2026-05-30T18:32:19.076904,fused,True,35,0,7.3,97,-43,634,0,high,Prolonged occupancy: 10m 34s; Extended stay — possible incident
2026-05-30T18:32:21.097276,fused,True,35,0,7.3,97,-43,636,0,high,Prolonged occupancy: 10m 36s; Extended stay — possible incident
2026-05-30T18:32:23.105822,fused,True,35,0,7.3,97,-43,638,0,high,Prolonged occupancy: 10m 38s; Extended stay — possible incident
2026-05-30T18:32:25.139447,fused,True,35,0,7.3,97,-43,640,0,high,Prolonged occupancy: 10m 40s; Extended stay — possible incident
2026-05-30T18:32:27.162749,fused,True,35,0,7.3,97,-43,642,0,high,Prolonged occupancy: 10m 42s; Extended stay — possible incident
2026-05-30T18:32:29.172528,fused,True,35,0,7.3,97,-43,644,0,high,Prolonged occupancy: 10m 44s; Extended stay — possible incident
2026-05-30T18:32:31.199227,fused,True,35,0,7.3,97,-43,647,0,high,Prolonged occupancy: 10m 47s; Extended stay — possible incident
2026-05-30T18:32:33.224240,fused,True,35,0,7.3,97,-43,649,0,high,Prolonged occupancy: 10m 49s; Extended stay — possible incident
2026-05-30T18:32:35.231572,fused,True,35,0,7.3,97,-43,651,0,high,Prolonged occupancy: 10m 51s; Extended stay — possible incident
2026-05-30T18:32:37.253507,fused,True,35,0,7.3,97,-43,653,0,high,Prolonged occupancy: 10m 53s; Extended stay — possible incident
2026-05-30T18:32:39.287399,fused,True,35,0,7.3,97,-43,655,0,high,Prolonged occupancy: 10m 55s; Extended stay — possible incident
2026-05-30T18:32:41.321183,fused,True,35,0,7.3,97,-43,657,0,high,Prolonged occupancy: 10m 57s; Extended stay — possible incident
2026-05-30T18:32:43.345706,fused,True,35,0,7.3,97,-43,659,0,high,Prolonged occupancy: 10m 59s; Extended stay — possible incident
2026-05-30T18:32:45.352685,fused,True,35,0,7.3,97,-43,661,0,high,Prolonged occupancy: 11m 1s; Extended stay — possible incident
2026-05-30T18:32:47.383424,fused,True,35,0,7.3,97,-43,663,0,high,Prolonged occupancy: 11m 3s; Extended stay — possible incident
2026-05-30T18:32:49.403744,fused,True,35,0,7.3,97,-43,665,0,high,Prolonged occupancy: 11m 5s; Extended stay — possible incident
2026-05-30T18:32:51.425045,fused,True,35,0,7.3,97,-43,667,0,high,Prolonged occupancy: 11m 7s; Extended stay — possible incident
2026-05-30T18:32:53.437394,fused,True,35,0,7.3,97,-43,669,0,high,Prolonged occupancy: 11m 9s; Extended stay — possible incident
2026-05-30T18:32:55.448790,fused,True,35,0,7.3,97,-43,671,0,high,Prolonged occupancy: 11m 11s; Extended stay — possible incident
2026-05-30T18:32:57.471452,fused,True,35,0,7.3,97,-43,673,0,high,Prolonged occupancy: 11m 13s; Extended stay — possible incident
2026-05-30T18:32:59.479122,fused,True,35,0,7.3,97,-43,675,0,high,Prolonged occupancy: 11m 15s; Extended stay — possible incident
2026-05-30T18:33:01.500579,fused,True,35,0,7.3,97,-43,677,0,high,Prolonged occupancy: 11m 17s; Extended stay — possible incident
2026-05-30T18:33:03.528077,fused,True,35,0,7.3,97,-43,679,0,high,Prolonged occupancy: 11m 19s; Extended stay — possible incident
2026-05-30T18:33:05.554525,fused,True,35,0,7.3,97,-43,681,0,high,Prolonged occupancy: 11m 21s; Extended stay — possible incident
2026-05-30T18:33:07.579076,fused,True,35,0,7.3,97,-43,683,0,high,Prolonged occupancy: 11m 23s; Extended stay — possible incident
2026-05-30T18:33:09.602658,fused,True,35,0,7.3,97,-43,685,0,high,Prolonged occupancy: 11m 25s; Extended stay — possible incident
2026-05-30T18:33:11.628592,fused,True,35,0,7.3,97,-43,687,0,high,Prolonged occupancy: 11m 27s; Extended stay — possible incident
2026-05-30T18:33:13.637798,fused,True,35,0,7.3,97,-43,689,0,high,Prolonged occupancy: 11m 29s; Extended stay — possible incident
2026-05-30T18:33:15.647467,fused,True,35,0,7.3,97,-43,691,0,high,Prolonged occupancy: 11m 31s; Extended stay — possible incident
2026-05-30T18:33:17.677253,fused,True,35,0,7.3,97,-43,693,0,high,Prolonged occupancy: 11m 33s; Extended stay — possible incident
2026-05-30T18:33:19.685720,fused,True,35,0,7.3,97,-43,695,0,high,Prolonged occupancy: 11m 35s; Extended stay — possible incident
2026-05-30T18:33:21.704657,fused,True,35,0,7.3,97,-43,697,0,high,Prolonged occupancy: 11m 37s; Extended stay — possible incident
2026-05-30T18:33:23.733988,fused,True,35,0,7.3,97,-43,699,0,high,Prolonged occupancy: 11m 39s; Extended stay — possible incident
2026-05-30T18:33:25.743290,fused,True,35,0,7.3,97,-43,701,0,high,Prolonged occupancy: 11m 41s; Extended stay — possible incident
2026-05-30T18:33:27.788494,fused,True,35,0,7.3,97,-43,703,0,high,Prolonged occupancy: 11m 43s; Extended stay — possible incident
2026-05-30T18:33:29.797542,fused,True,35,0,7.3,97,-43,705,0,high,Prolonged occupancy: 11m 45s; Extended stay — possible incident
2026-05-30T18:33:31.803934,fused,True,35,0,7.3,97,-43,707,0,high,Prolonged occupancy: 11m 47s; Extended stay — possible incident
2026-05-30T18:33:33.831427,fused,True,35,0,7.3,97,-43,709,0,high,Prolonged occupancy: 11m 49s; Extended stay — possible incident
2026-05-30T18:33:35.857716,fused,True,35,0,7.3,97,-43,711,0,high,Prolonged occupancy: 11m 51s; Extended stay — possible incident
2026-05-30T18:33:37.867498,fused,True,35,0,7.3,97,-43,713,0,high,Prolonged occupancy: 11m 53s; Extended stay — possible incident
2026-05-30T18:33:39.900292,fused,True,35,0,7.3,97,-43,715,0,high,Prolonged occupancy: 11m 55s; Extended stay — possible incident
2026-05-30T18:33:41.919983,fused,True,35,0,7.3,97,-43,717,0,high,Prolonged occupancy: 11m 57s; Extended stay — possible incident
2026-05-30T18:33:43.930155,fused,True,35,0,7.3,97,-43,719,0,high,Prolonged occupancy: 11m 59s; Extended stay — possible incident
2026-05-30T18:33:45.951451,fused,True,35,0,7.3,97,-43,721,0,high,Prolonged occupancy: 12m 1s; Extended stay — possible incident
2026-05-30T18:33:47.969631,fused,True,35,0,7.3,97,-43,723,0,high,Prolonged occupancy: 12m 3s; Extended stay — possible incident
2026-05-30T18:33:49.979517,fused,True,35,0,7.3,97,-43,725,0,high,Prolonged occupancy: 12m 5s; Extended stay — possible incident
2026-05-30T18:33:52.001639,fused,True,35,0,7.3,97,-43,727,0,high,Prolonged occupancy: 12m 7s; Extended stay — possible incident
2026-05-30T18:33:54.012654,fused,True,35,0,7.3,97,-43,729,0,high,Prolonged occupancy: 12m 9s; Extended stay — possible incident
2026-05-30T18:33:56.023391,fused,True,35,0,7.3,97,-43,731,0,high,Prolonged occupancy: 12m 11s; Extended stay — possible incident
2026-05-30T18:33:58.047618,fused,True,35,0,7.3,97,-43,733,0,high,Prolonged occupancy: 12m 13s; Extended stay — possible incident
2026-05-30T18:34:00.070780,fused,True,35,0,7.3,97,-43,735,0,high,Prolonged occupancy: 12m 15s; Extended stay — possible incident
2026-05-30T18:34:02.097715,fused,True,35,0,7.3,97,-43,737,0,high,Prolonged occupancy: 12m 17s; Extended stay — possible incident
2026-05-30T18:34:04.120540,fused,True,35,0,7.3,97,-43,739,0,high,Prolonged occupancy: 12m 19s; Extended stay — possible incident
2026-05-30T18:34:06.149538,fused,True,35,0,7.3,97,-43,741,0,high,Prolonged occupancy: 12m 21s; Extended stay — possible incident
2026-05-30T18:34:08.183521,fused,True,35,0,7.3,97,-43,743,0,high,Prolonged occupancy: 12m 23s; Extended stay — possible incident
2026-05-30T18:34:10.209298,fused,True,35,0,7.3,97,-43,746,0,high,Prolonged occupancy: 12m 26s; Extended stay — possible incident
2026-05-30T18:34:12.222076,fused,True,35,0,7.3,97,-43,748,0,high,Prolonged occupancy: 12m 28s; Extended stay — possible incident
2026-05-30T18:34:14.265496,fused,True,35,0,7.3,97,-43,750,0,high,Prolonged occupancy: 12m 30s; Extended stay — possible incident
2026-05-30T18:34:16.290169,fused,True,35,0,7.3,97,-43,752,0,high,Prolonged occupancy: 12m 32s; Extended stay — possible incident
2026-05-30T18:34:18.308253,fused,True,35,0,7.3,97,-43,754,0,high,Prolonged occupancy: 12m 34s; Extended stay — possible incident
2026-05-30T18:34:20.338329,fused,True,35,0,7.3,97,-43,756,0,high,Prolonged occupancy: 12m 36s; Extended stay — possible incident
2026-05-30T19:14:25.517265,fused,True,35,0,7.3,97,-43,3161,0,high,Prolonged occupancy: 52m 41s; Extended stay — possible incident
2026-05-30T19:14:27.544233,fused,True,35,0,7.3,97,-43,3163,0,high,Prolonged occupancy: 52m 43s; Extended stay — possible incident
2026-05-30T19:14:29.852338,fused,True,35,0,7.3,97,-43,3165,0,high,Prolonged occupancy: 52m 45s; Extended stay — possible incident
2026-05-30T19:14:31.903127,fused,True,35,0,7.3,97,-43,3167,0,high,Prolonged occupancy: 52m 47s; Extended stay — possible incident
2026-05-30T19:14:33.910892,fused,True,35,0,7.3,97,-43,3169,0,high,Prolonged occupancy: 52m 49s; Extended stay — possible incident
2026-05-30T19:14:35.933448,fused,True,35,0,7.3,97,-43,3171,0,high,Prolonged occupancy: 52m 51s; Extended stay — possible incident
2026-05-30T19:14:37.953433,fused,True,35,0,7.3,97,-43,3173,0,high,Prolonged occupancy: 52m 53s; Extended stay — possible incident
2026-05-30T19:14:39.959952,fused,True,35,0,7.3,97,-43,3175,0,high,Prolonged occupancy: 52m 55s; Extended stay — possible incident
2026-05-30T19:14:41.978460,fused,True,35,0,7.3,97,-43,3177,0,high,Prolonged occupancy: 52m 57s; Extended stay — possible incident
2026-05-30T19:14:43.999089,fused,True,35,0,7.3,97,-43,3179,0,high,Prolonged occupancy: 52m 59s; Extended stay — possible incident
2026-05-30T19:14:46.016823,fused,True,35,0,7.3,97,-43,3181,0,high,Prolonged occupancy: 53m 1s; Extended stay — possible incident
2026-05-30T19:14:48.039188,fused,True,35,0,7.3,97,-43,3183,0,high,Prolonged occupancy: 53m 3s; Extended stay — possible incident
2026-05-30T19:14:50.074134,fused,True,35,0,7.3,97,-43,3185,0,high,Prolonged occupancy: 53m 5s; Extended stay — possible incident
2026-05-30T19:14:52.092831,fused,True,35,0,7.3,97,-43,3187,0,high,Prolonged occupancy: 53m 7s; Extended stay — possible incident
2026-05-30T19:14:54.114677,fused,True,35,0,7.3,97,-43,3189,0,high,Prolonged occupancy: 53m 9s; Extended stay — possible incident
2026-05-30T19:14:56.121360,fused,True,35,0,7.3,97,-43,3191,0,high,Prolonged occupancy: 53m 11s; Extended stay — possible incident
2026-05-30T19:14:58.142165,fused,True,35,0,7.3,97,-43,3193,0,high,Prolonged occupancy: 53m 13s; Extended stay — possible incident
2026-05-30T19:15:00.158760,fused,True,35,0,7.3,97,-43,3195,0,high,Prolonged occupancy: 53m 15s; Extended stay — possible incident
2026-05-30T19:15:02.190287,fused,True,35,0,7.3,97,-43,3198,0,high,Prolonged occupancy: 53m 18s; Extended stay — possible incident
2026-05-30T19:15:04.215630,fused,True,35,0,7.3,97,-43,3200,0,high,Prolonged occupancy: 53m 20s; Extended stay — possible incident
2026-05-30T19:15:06.231746,fused,True,35,0,7.3,97,-43,3202,0,high,Prolonged occupancy: 53m 22s; Extended stay — possible incident
2026-05-30T19:15:08.240587,fused,True,35,0,7.3,97,-43,3204,0,high,Prolonged occupancy: 53m 24s; Extended stay — possible incident
2026-05-30T19:15:10.244990,fused,True,35,0,7.3,97,-43,3206,0,high,Prolonged occupancy: 53m 26s; Extended stay — possible incident
2026-05-30T19:15:12.263741,fused,True,35,0,7.3,97,-43,3208,0,high,Prolonged occupancy: 53m 28s; Extended stay — possible incident
2026-05-30T19:15:14.286646,fused,True,35,0,7.3,97,-43,3210,0,high,Prolonged occupancy: 53m 30s; Extended stay — possible incident
2026-05-30T19:15:16.310263,fused,True,35,0,7.3,97,-43,3212,0,high,Prolonged occupancy: 53m 32s; Extended stay — possible incident
2026-05-30T19:15:18.328805,fused,True,35,0,7.3,97,-43,3214,0,high,Prolonged occupancy: 53m 34s; Extended stay — possible incident
2026-05-30T19:15:20.336097,fused,True,35,0,7.3,97,-43,3216,0,high,Prolonged occupancy: 53m 36s; Extended stay — possible incident
2026-05-30T19:15:22.365381,fused,True,35,0,7.3,97,-43,3218,0,high,Prolonged occupancy: 53m 38s; Extended stay — possible incident
2026-05-30T19:15:24.391077,fused,True,35,0,7.3,97,-43,3220,0,high,Prolonged occupancy: 53m 40s; Extended stay — possible incident
2026-05-30T19:15:26.396631,fused,True,35,0,7.3,97,-43,3222,0,high,Prolonged occupancy: 53m 42s; Extended stay — possible incident
2026-05-30T19:15:28.424521,fused,False,0,0,0.0,0,-44,3222,0,low,
2026-05-30T19:15:30.454381,fused,False,0,0,0.0,0,-44,3222,0,low,
2026-05-30T19:15:32.476269,fused,True,18,0,2.62,82,-66,3228,0,high,Prolonged occupancy: 53m 48s; Extended stay — possible incident
2026-05-30T19:15:34.492303,fused,True,20,0,3.12,93,-45,3230,0,high,Prolonged occupancy: 53m 50s; Extended stay — possible incident
2026-05-30T19:15:36.510980,fused,True,25,0,9.81,95,-43,3232,0,high,Prolonged occupancy: 53m 52s; Extended stay — possible incident
2026-05-30T19:15:38.530884,fused,True,25,0,18.1,91,-42,3234,0,high,Prolonged occupancy: 53m 54s; Extended stay — possible incident
2026-05-30T19:15:40.555518,fused,True,21,0,12.76,84,-66,3236,0,high,Prolonged occupancy: 53m 56s; Extended stay — possible incident
2026-05-30T19:15:42.585880,fused,True,17,0,2.72,88,-72,3238,0,high,Prolonged occupancy: 53m 58s; Extended stay — possible incident
2026-05-30T19:15:44.607102,fused,True,19,0,7.08,100,-46,3240,0,high,Prolonged occupancy: 54m 0s; Extended stay — possible incident
2026-05-30T19:15:46.613239,fused,True,25,0,2.01,97,-43,3242,0,high,Prolonged occupancy: 54m 2s; Extended stay — possible incident
2026-05-30T19:15:48.641056,fused,True,22,0,2.57,90,-44,3244,0,high,Prolonged occupancy: 54m 4s; Extended stay — possible incident
2026-05-30T19:15:50.646598,fused,True,27,0,6.19,100,-44,3246,0,high,Prolonged occupancy: 54m 6s; Extended stay — possible incident
2026-05-30T19:15:52.654925,fused,True,34,0,5.91,89,-44,3248,0,high,Prolonged occupancy: 54m 8s; Extended stay — possible incident
2026-05-30T19:15:54.659263,fused,True,34,0,3.41,96,-44,3250,0,high,Prolonged occupancy: 54m 10s; Extended stay — possible incident
2026-05-30T19:15:56.667081,fused,True,18,0,10.14,95,-44,3252,0,high,Prolonged occupancy: 54m 12s; Extended stay — possible incident
2026-05-30T19:15:58.697470,fused,True,18,0,12.44,78,-44,3254,0,high,Prolonged occupancy: 54m 14s; Extended stay — possible incident
2026-05-30T19:16:00.714680,fused,True,22,0,4.44,77,-42,3256,0,high,Prolonged occupancy: 54m 16s; Extended stay — possible incident
2026-05-30T19:16:02.719381,fused,True,21,0,6.89,84,-38,3258,0,high,Prolonged occupancy: 54m 18s; Extended stay — possible incident
2026-05-30T19:16:04.732176,fused,True,30,0,7.28,100,-42,3260,0,high,Prolonged occupancy: 54m 20s; Extended stay — possible incident
2026-05-30T19:16:06.740614,fused,True,34,0,3.66,96,-42,3262,0,high,Prolonged occupancy: 54m 22s; Extended stay — possible incident
2026-05-30T19:16:08.765699,fused,True,40,0,3.36,93,-42,3264,0,high,Prolonged occupancy: 54m 24s; Extended stay — possible incident
2026-05-30T19:16:10.801181,fused,True,25,0,7.02,76,-41,3266,0,high,Prolonged occupancy: 54m 26s; Extended stay — possible incident
2026-05-30T19:16:12.827173,fused,True,26,0,7.21,85,-37,3268,0,high,Prolonged occupancy: 54m 28s; Extended stay — possible incident
2026-05-30T19:16:14.850994,fused,True,28,0,9.03,93,-36,3270,0,high,Prolonged occupancy: 54m 30s; Extended stay — possible incident
2026-05-30T19:16:16.878331,fused,True,30,0,7.61,96,-66,3272,0,high,Prolonged occupancy: 54m 32s; Extended stay — possible incident
2026-05-30T19:16:18.905366,fused,True,26,0,6.71,90,-34,3274,0,high,Prolonged occupancy: 54m 34s; Extended stay — possible incident
2026-05-30T19:16:20.911073,fused,True,26,0,2.63,88,-34,3276,0,high,Prolonged occupancy: 54m 36s; Extended stay — possible incident
2026-05-30T19:16:22.939838,fused,True,23,0,10.03,100,-75,3278,0,high,Prolonged occupancy: 54m 38s; Extended stay — possible incident
2026-05-30T19:16:24.960746,fused,True,22,0,4.71,105,-34,3280,0,high,Prolonged occupancy: 54m 40s; Extended stay — possible incident
2026-05-30T19:16:26.984010,fused,True,30,0,5.82,98,-34,3282,0,high,Prolonged occupancy: 54m 42s; Extended stay — possible incident
2026-05-30T19:16:29.002111,fused,True,31,0,5.06,91,-34,3284,0,high,Prolonged occupancy: 54m 44s; Extended stay — possible incident
2026-05-30T19:17:04.045469,fused,True,20,0,6.84,85,-33,0,0,low,
2026-05-30T19:17:06.070691,fused,True,20,0,1.97,83,-71,2,0,low,
2026-05-30T19:17:08.093116,fused,True,21,0,14.26,89,-34,4,0,low,
2026-05-30T19:17:10.099245,fused,True,28,0,12.83,89,-33,6,0,low,
2026-05-30T19:17:12.122344,fused,True,27,0,4.49,101,-34,8,0,low,
2026-05-30T19:17:14.150022,fused,True,39,0,4.18,119,-33,10,0,low,
2026-05-30T19:17:16.176281,fused,True,39,0,5.56,93,-33,12,0,low,
2026-05-30T19:17:18.196671,fused,True,33,0,6.48,99,-34,14,0,low,
2026-05-30T19:17:20.205602,fused,True,24,0,8.05,98,-34,16,0,low,
2026-05-30T19:17:22.229902,fused,True,30,0,4.46,90,-33,18,0,low,
2026-05-30T19:17:24.254177,fused,True,35,0,15.98,84,-72,20,0,low,
2026-05-30T19:17:26.280447,fused,True,34,0,5.67,83,-33,22,0,low,
2026-05-30T19:17:28.309056,fused,True,26,0,13.72,84,-39,24,0,low,
2026-05-30T19:17:30.336453,fused,True,25,0,2.57,82,-40,26,0,low,
2026-05-30T19:17:32.360589,fused,True,25,0,5.65,91,-43,28,0,low,
2026-05-30T19:17:34.368654,fused,True,25,0,5.65,91,-44,30,0,low,
2026-05-30T19:17:36.377807,fused,True,25,0,5.65,91,-44,32,0,low,
2026-05-30T19:17:38.405413,fused,True,25,0,5.65,91,-44,34,0,low,
2026-05-30T19:17:40.421453,fused,True,25,0,5.65,91,-44,36,0,low,
2026-05-30T19:17:42.448233,fused,True,25,0,5.65,91,-44,38,0,low,
2026-05-30T19:17:44.481364,fused,True,25,0,5.65,91,-44,40,0,low,
2026-05-30T19:17:46.515043,fused,True,25,0,5.65,91,-44,42,0,low,
2026-05-30T19:17:48.523047,fused,True,25,0,5.65,91,-44,44,0,low,
2026-05-30T19:17:50.532969,fused,True,25,0,5.65,91,-44,46,0,low,
2026-05-30T19:17:52.555301,fused,True,25,0,5.65,91,-44,48,0,low,
2026-05-30T19:17:54.564532,fused,True,25,0,5.65,91,-44,50,0,low,
2026-05-30T19:17:56.626270,fused,True,25,0,5.65,91,-44,52,0,low,
2026-05-30T19:17:58.657969,fused,True,25,0,5.65,91,-44,54,0,low,
2026-05-30T19:18:00.664449,fused,True,25,0,5.65,91,-44,56,0,low,
2026-05-30T19:18:02.693135,fused,True,25,0,5.65,91,-44,58,0,low,
2026-05-30T19:18:04.715266,fused,True,25,0,5.65,91,-44,60,0,low,
2026-05-30T19:18:06.732054,fused,True,25,0,5.65,91,-44,62,0,low,
2026-05-30T19:18:08.740496,fused,True,25,0,5.65,91,-44,64,0,low,
2026-05-30T19:18:10.746653,fused,True,25,0,5.65,91,-44,66,0,low,
2026-05-30T19:18:12.757296,fused,True,25,0,5.65,91,-44,68,0,low,
2026-05-30T19:18:14.785448,fused,True,25,0,5.65,91,-44,70,0,low,
2026-05-30T19:18:16.791738,fused,True,25,0,5.65,91,-44,72,0,low,
2026-05-30T19:18:18.813008,fused,True,25,0,5.65,91,-44,74,0,low,
2026-05-30T19:18:20.835669,fused,True,25,0,5.65,91,-44,76,0,low,
2026-05-30T19:18:22.861177,fused,True,25,0,5.65,91,-44,78,0,low,
2026-05-30T19:18:24.870474,fused,True,25,0,5.65,91,-44,80,0,low,
2026-05-30T19:18:26.877541,fused,True,25,0,5.65,91,-44,82,0,low,
2026-05-30T19:18:28.885484,fused,True,25,0,5.65,91,-44,84,0,low,
2026-05-30T19:18:30.891522,fused,True,25,0,5.65,91,-44,86,0,low,
2026-05-30T19:18:32.897684,fused,True,25,0,5.65,91,-44,88,0,low,
2026-05-30T19:18:34.904897,fused,True,25,0,5.65,91,-44,90,0,low,
2026-05-30T19:18:36.911799,fused,True,25,0,5.65,91,-44,92,0,low,
2026-05-30T19:18:38.939747,fused,True,25,0,5.65,91,-44,94,0,low,
2026-05-30T19:18:40.960952,fused,True,25,0,5.65,91,-44,96,0,low,
2026-05-30T19:18:42.981235,fused,True,25,0,5.65,91,-44,98,0,low,
2026-05-30T19:18:45.008688,fused,True,25,0,5.65,91,-44,100,0,low,
2026-05-30T19:18:47.036715,fused,True,25,0,5.65,91,-44,102,0,low,
2026-05-30T19:18:49.045172,fused,True,25,0,5.65,91,-44,104,0,low,
2026-05-30T19:18:51.069625,fused,True,25,0,5.65,91,-44,107,0,low,
2026-05-30T19:18:53.088190,fused,True,25,0,5.65,91,-44,109,0,low,
2026-05-30T19:18:55.111582,fused,True,25,0,5.65,91,-44,111,0,low,
2026-05-30T19:18:57.132393,fused,True,25,0,5.65,91,-44,113,0,low,
2026-05-30T19:18:59.152924,fused,True,25,0,5.65,91,-44,115,0,low,
2026-05-30T19:19:01.160336,fused,True,25,0,5.65,91,-44,117,0,low,
2026-05-30T19:19:03.167062,fused,True,25,0,5.65,91,-44,119,0,low,
2026-05-30T19:19:05.173795,fused,True,25,0,5.65,91,-44,121,0,low,
2026-05-30T19:19:07.195825,fused,True,25,0,5.65,91,-44,123,0,low,
2026-05-30T19:19:09.222571,fused,True,25,0,5.65,91,-44,125,0,low,
2026-05-30T19:19:11.243166,fused,True,25,0,5.65,91,-44,127,0,low,
2026-05-30T19:19:13.264017,fused,True,25,0,5.65,91,-44,129,0,low,
2026-05-30T19:19:15.270884,fused,True,25,0,5.65,91,-44,131,0,low,
2026-05-30T19:19:17.277779,fused,True,25,0,5.65,91,-44,133,0,low,
2026-05-30T19:19:19.298922,fused,True,25,0,5.65,91,-44,135,0,low,
2026-05-30T19:19:21.314118,fused,True,25,0,5.65,91,-44,137,0,low,
2026-05-30T19:19:23.342180,fused,True,25,0,5.65,91,-44,139,0,low,
2026-05-30T19:19:25.367682,fused,True,25,0,5.65,91,-44,141,0,low,
2026-05-30T19:19:27.375861,fused,True,25,0,5.65,91,-44,143,0,low,
2026-05-30T19:19:29.383657,fused,True,25,0,5.65,91,-44,145,0,low,
2026-05-30T19:19:31.391044,fused,True,25,0,5.65,91,-44,147,0,low,
2026-05-30T19:19:33.416250,fused,True,25,0,5.65,91,-44,149,0,low,
2026-05-30T19:19:35.423512,fused,True,25,0,5.65,91,-44,151,0,low,
2026-05-30T19:19:37.432601,fused,True,25,0,5.65,91,-44,153,0,low,
2026-05-30T19:19:39.452081,fused,True,25,0,5.65,91,-44,155,0,low,
2026-05-30T19:19:41.472208,fused,True,25,0,5.65,91,-44,157,0,low,
2026-05-30T19:19:43.502150,fused,True,25,0,5.65,91,-44,159,0,low,
2026-05-30T19:19:45.530441,fused,True,25,0,5.65,91,-44,161,0,low,
2026-05-30T19:19:47.549075,fused,True,25,0,5.65,91,-44,163,0,low,
2026-05-30T19:19:49.576228,fused,True,25,0,5.65,91,-44,165,0,low,
2026-05-30T19:19:51.604280,fused,True,25,0,5.65,91,-44,167,0,low,
2026-05-30T19:19:53.610923,fused,True,25,0,5.65,91,-44,169,0,low,
2026-05-30T19:19:55.617897,fused,True,25,0,5.65,91,-44,171,0,low,
2026-05-30T19:19:57.624936,fused,True,25,0,5.65,91,-44,173,0,low,
2026-05-30T19:19:59.631998,fused,True,25,0,5.65,91,-44,175,0,low,
2026-05-30T19:20:01.653168,fused,True,25,0,5.65,91,-44,177,0,low,
2026-05-30T19:20:03.673334,fused,True,25,0,5.65,91,-44,179,0,low,
2026-05-30T19:20:05.682653,fused,True,25,0,5.65,91,-44,181,0,low,
2026-05-30T19:20:07.701370,fused,True,25,0,5.65,91,-44,183,0,low,
2026-05-30T19:20:09.710502,fused,True,25,0,5.65,91,-44,185,0,low,
2026-05-30T19:20:11.731741,fused,True,25,0,5.65,91,-44,187,0,low,
2026-05-30T19:20:13.753912,fused,True,25,0,5.65,91,-44,189,0,low,
2026-05-30T19:20:15.779917,fused,True,25,0,5.65,91,-44,191,0,low,
2026-05-30T19:20:17.805504,fused,True,25,0,5.65,91,-44,193,0,low,
2026-05-30T19:20:19.812611,fused,True,25,0,5.65,91,-44,195,0,low,
2026-05-30T19:20:21.839742,fused,True,25,0,5.65,91,-44,197,0,low,
2026-05-30T19:20:23.849178,fused,True,25,0,5.65,91,-44,199,0,low,
2026-05-30T19:20:25.874788,fused,True,25,0,5.65,91,-44,201,0,low,
2026-05-30T19:20:27.881724,fused,True,25,0,5.65,91,-44,203,0,low,
2026-05-30T19:20:29.909717,fused,True,25,0,5.65,91,-44,205,0,low,
2026-05-30T19:20:31.917208,fused,True,25,0,5.65,91,-44,207,0,low,
2026-05-30T19:20:33.937296,fused,True,25,0,5.65,91,-44,209,0,low,
2026-05-30T19:20:35.946099,fused,True,25,0,5.65,91,-44,211,0,low,
2026-05-30T19:20:37.972292,fused,True,25,0,5.65,91,-44,213,0,low,
2026-05-30T19:20:39.995344,fused,True,25,0,5.65,91,-44,215,0,low,
2026-05-30T19:20:42.005321,fused,True,25,0,5.65,91,-44,217,0,low,
2026-05-30T19:20:44.013318,fused,True,25,0,5.65,91,-44,219,0,low,
2026-05-30T19:20:46.035827,fused,True,25,0,5.65,91,-44,221,0,low,
2026-05-30T19:20:48.055348,fused,True,25,0,5.65,91,-44,224,0,low,
2026-05-30T19:20:50.064187,fused,True,25,0,5.65,91,-44,226,0,low,
2026-05-30T19:20:52.087145,fused,True,25,0,5.65,91,-44,228,0,low,
2026-05-30T19:20:54.116871,fused,True,25,0,5.65,91,-44,230,0,low,
2026-05-30T19:20:56.125897,fused,True,25,0,5.65,91,-44,232,0,low,
2026-05-30T19:20:58.149187,fused,True,25,0,5.65,91,-44,234,0,low,
2026-05-30T19:21:00.179730,fused,True,25,0,5.65,91,-44,236,0,low,
2026-05-30T19:21:02.210673,fused,True,25,0,5.65,91,-44,238,0,low,
2026-05-30T19:21:04.228369,fused,True,25,0,5.65,91,-44,240,0,low,
2026-05-30T19:21:06.259724,fused,True,25,0,5.65,91,-44,242,0,low,
2026-05-30T19:21:08.290697,fused,True,25,0,5.65,91,-44,244,0,low,
2026-05-30T19:21:10.299329,fused,True,25,0,5.65,91,-44,246,0,low,
2026-05-30T19:21:12.321688,fused,True,25,0,5.65,91,-44,248,0,low,
2026-05-30T19:21:14.327610,fused,True,25,0,5.65,91,-44,250,0,low,
2026-05-30T19:21:16.346949,fused,True,25,0,5.65,91,-44,252,0,low,
2026-05-30T19:21:18.367641,fused,True,25,0,5.65,91,-44,254,0,low,
2026-05-30T19:21:20.375580,fused,True,25,0,5.65,91,-44,256,0,low,
2026-05-30T19:21:22.402328,fused,True,25,0,5.65,91,-44,258,0,low,
2026-05-30T19:21:24.411239,fused,True,25,0,5.65,91,-44,260,0,low,
2026-05-30T19:21:26.419992,fused,True,25,0,5.65,91,-44,262,0,low,
2026-05-30T19:21:28.429428,fused,True,25,0,5.65,91,-44,264,0,low,
2026-05-30T19:21:30.436843,fused,True,25,0,5.65,91,-44,266,0,low,
2026-05-30T19:21:32.443918,fused,True,25,0,5.65,91,-44,268,0,low,
2026-05-30T19:21:34.454355,fused,True,25,0,5.65,91,-44,270,0,low,
2026-05-30T19:21:36.473934,fused,True,25,0,5.65,91,-44,272,0,low,
2026-05-30T19:21:38.501377,fused,True,25,0,5.65,91,-44,274,0,low,
2026-05-30T19:21:40.529172,fused,True,25,0,5.65,91,-44,276,0,low,
2026-05-30T19:21:42.545465,fused,True,25,0,5.65,91,-44,278,0,low,
2026-05-30T19:21:44.571219,fused,True,25,0,5.65,91,-44,280,0,low,
2026-05-30T19:21:46.577540,fused,True,25,0,5.65,91,-44,282,0,low,
2026-05-30T19:21:48.604984,fused,True,25,0,5.65,91,-44,284,0,low,
2026-05-30T19:21:50.625048,fused,True,25,0,5.65,91,-44,286,0,low,
2026-05-30T19:21:52.650299,fused,True,25,0,5.65,91,-44,288,0,low,
2026-05-30T19:21:54.671062,fused,True,25,0,5.65,91,-44,290,0,low,
2026-05-30T19:21:56.702420,fused,True,25,0,5.65,91,-44,292,0,low,
2026-05-30T19:21:58.724409,fused,True,25,0,5.65,91,-44,294,0,low,
2026-05-30T19:22:00.750470,fused,True,25,0,5.65,91,-44,296,0,low,
2026-05-30T19:22:02.757701,fused,True,25,0,5.65,91,-44,298,0,low,
2026-05-30T19:22:04.787405,fused,True,25,0,5.65,91,-44,300,0,medium,Prolonged occupancy: 5m 0s
2026-05-30T19:22:06.818106,fused,True,25,0,5.65,91,-44,302,0,medium,Prolonged occupancy: 5m 2s
2026-05-30T19:22:08.826868,fused,True,25,0,5.65,91,-44,304,0,medium,Prolonged occupancy: 5m 4s
2026-05-30T19:22:10.853545,fused,True,25,0,5.65,91,-44,306,0,medium,Prolonged occupancy: 5m 6s
2026-05-30T19:22:12.862335,fused,True,25,0,5.65,91,-44,308,0,medium,Prolonged occupancy: 5m 8s
2026-05-30T19:22:14.887817,fused,True,25,0,5.65,91,-44,310,0,medium,Prolonged occupancy: 5m 10s
2026-05-30T19:22:16.915915,fused,True,25,0,5.65,91,-44,312,0,medium,Prolonged occupancy: 5m 12s
2026-05-30T19:22:18.948000,fused,True,25,0,5.65,91,-44,314,0,medium,Prolonged occupancy: 5m 14s
2026-05-30T19:22:20.967876,fused,True,25,0,5.65,91,-44,316,0,medium,Prolonged occupancy: 5m 16s
2026-05-30T19:22:22.992409,fused,True,25,0,5.65,91,-44,318,0,medium,Prolonged occupancy: 5m 18s
2026-05-30T19:22:25.013664,fused,True,25,0,5.65,91,-44,320,0,medium,Prolonged occupancy: 5m 20s
2026-05-30T19:22:27.032618,fused,True,25,0,5.65,91,-44,322,0,medium,Prolonged occupancy: 5m 22s
2026-05-30T19:22:29.037967,fused,True,25,0,5.65,91,-44,324,0,medium,Prolonged occupancy: 5m 24s
2026-05-30T19:22:31.048939,fused,True,25,0,5.65,91,-44,327,0,medium,Prolonged occupancy: 5m 27s
2026-05-30T19:22:33.070675,fused,True,25,0,5.65,91,-44,329,0,medium,Prolonged occupancy: 5m 29s
2026-05-30T19:22:35.098387,fused,True,25,0,5.65,91,-44,331,0,medium,Prolonged occupancy: 5m 31s
2026-05-30T19:22:37.126693,fused,True,25,0,5.65,91,-44,333,0,medium,Prolonged occupancy: 5m 33s
2026-05-30T19:22:39.136335,fused,True,25,0,5.65,91,-44,335,0,medium,Prolonged occupancy: 5m 35s
2026-05-30T19:22:41.145210,fused,True,25,0,5.65,91,-44,337,0,medium,Prolonged occupancy: 5m 37s
2026-05-30T19:22:43.170114,fused,True,25,0,5.65,91,-44,339,0,medium,Prolonged occupancy: 5m 39s
2026-05-30T19:22:45.193031,fused,True,25,0,5.65,91,-44,341,0,medium,Prolonged occupancy: 5m 41s
2026-05-30T19:22:47.201749,fused,True,25,0,5.65,91,-44,343,0,medium,Prolonged occupancy: 5m 43s
2026-05-30T19:22:49.227409,fused,True,25,0,5.65,91,-44,345,0,medium,Prolonged occupancy: 5m 45s
2026-05-30T19:22:51.252510,fused,True,25,0,5.65,91,-44,347,0,medium,Prolonged occupancy: 5m 47s
2026-05-30T19:22:53.273196,fused,True,25,0,5.65,91,-44,349,0,medium,Prolonged occupancy: 5m 49s
2026-05-30T19:22:55.294462,fused,True,25,0,5.65,91,-44,351,0,medium,Prolonged occupancy: 5m 51s
2026-05-30T19:22:57.318889,fused,True,25,0,5.65,91,-44,353,0,medium,Prolonged occupancy: 5m 53s
2026-05-30T19:22:59.344396,fused,True,25,0,5.65,91,-44,355,0,medium,Prolonged occupancy: 5m 55s
2026-05-30T19:23:01.350237,fused,False,0,0,0.0,0,-37,355,0,low,
2026-05-30T19:23:03.360503,fused,True,0,0,18.19,96,-37,359,0,medium,Prolonged occupancy: 5m 59s
2026-05-30T19:23:05.380208,fused,True,0,0,7.45,86,-38,361,0,medium,Prolonged occupancy: 6m 1s
2026-05-30T19:23:07.401795,fused,True,33,0,5.91,79,-38,363,0,medium,Prolonged occupancy: 6m 3s
2026-05-30T19:23:09.419160,fused,True,25,0,2.36,95,-11,365,0,medium,Prolonged occupancy: 6m 5s
2026-05-30T19:23:11.447999,fused,True,29,0,7.02,100,-37,367,0,medium,Prolonged occupancy: 6m 7s
2026-05-30T19:23:13.470708,fused,True,26,0,9.84,92,-11,369,0,medium,Prolonged occupancy: 6m 9s
2026-05-30T19:23:15.488267,fused,True,26,0,4.24,75,-37,371,0,medium,Prolonged occupancy: 6m 11s
2026-05-30T19:23:17.510653,fused,True,20,0,17.1,72,-15,373,0,medium,Prolonged occupancy: 6m 13s
2026-05-30T19:23:19.519324,fused,True,24,0,4.02,81,-15,375,0,medium,Prolonged occupancy: 6m 15s
2026-05-30T19:23:21.530344,fused,True,24,0,4.02,81,-15,377,0,medium,Prolonged occupancy: 6m 17s
2026-05-30T19:23:23.562099,fused,False,0,0,0.0,0,-15,377,0,low,
2026-05-30T19:23:25.567058,fused,True,0,0,2.97,104,-16,381,0,medium,Prolonged occupancy: 6m 21s
2026-05-30T19:23:27.595622,fused,True,36,0,27.74,89,-13,383,0,medium,Prolonged occupancy: 6m 23s
2026-05-30T19:23:29.613759,fused,True,22,0,4.07,93,-18,385,0,medium,Prolonged occupancy: 6m 25s
2026-05-30T19:23:31.633231,fused,True,31,0,2.77,89,-12,387,0,medium,Prolonged occupancy: 6m 27s
2026-05-30T19:23:33.653887,fused,True,35,0,5.61,82,-38,389,0,medium,Prolonged occupancy: 6m 29s
2026-05-30T19:23:35.661028,fused,True,25,0,2.07,88,-15,391,0,medium,Prolonged occupancy: 6m 31s
2026-05-30T19:23:37.691626,fused,True,38,0,1.53,90,-37,393,0,medium,Prolonged occupancy: 6m 33s
2026-05-30T19:23:39.697862,fused,True,34,0,3.67,91,-12,395,0,medium,Prolonged occupancy: 6m 35s
2026-05-30T19:23:41.731222,fused,True,21,0,13.09,79,-37,397,0,medium,Prolonged occupancy: 6m 37s
2026-05-30T19:23:43.750046,fused,True,32,0,14.91,85,-12,399,0,medium,Prolonged occupancy: 6m 39s
2026-05-30T19:23:45.773581,fused,True,34,0,6.38,87,-38,401,0,medium,Prolonged occupancy: 6m 41s
2026-05-30T19:24:12.984747,fused,False,1,-41,0,0,0,0,0,low,
2026-05-30T19:24:14.988131,fused,False,2,-24,0,0,0,0,0,low,
2026-05-30T19:24:16.990013,fused,False,3,-6,0,0,0,0,0,low,
2026-05-30T19:24:17.279437,fused,True,3,-6,3.8,86,-32,0,0,low,
2026-05-30T19:24:18.974952,fused,True,3,10,3.8,86,-32,1,0,low,
2026-05-30T19:24:19.296421,fused,True,3,10,8.94,94,-13,2,0,low,
2026-05-30T19:24:20.983896,fused,True,4,27,8.94,94,-13,3,0,low,
2026-05-30T19:24:21.306099,fused,True,4,27,4.48,87,-32,4,0,low,
2026-05-30T19:24:22.992335,fused,True,4,45,4.48,87,-32,5,0,low,
2026-05-30T19:24:23.332880,fused,True,4,45,10.67,78,-10,6,0,low,
2026-05-30T19:24:25.027740,fused,True,5,62,10.67,78,-10,7,0,low,
2026-05-30T19:24:25.365476,fused,True,5,62,14.04,76,-13,8,0,low,
2026-05-30T19:24:26.992550,fused,True,6,80,14.04,76,-13,9,0,low,
2026-05-30T19:24:27.395042,fused,True,6,80,4.64,82,-13,10,0,low,
2026-05-30T19:24:29.006535,fused,True,6,80,4.64,82,-13,11,0,low,
2026-05-30T19:24:29.417331,fused,True,6,80,3.45,92,-13,12,0,low,
2026-05-30T19:24:30.998856,fused,True,6,80,3.45,92,-13,13,0,low,
2026-05-30T19:24:31.437640,fused,True,6,80,1.85,85,-13,14,0,low,
2026-05-30T19:24:33.010740,fused,True,6,80,1.85,85,-13,15,0,low,
2026-05-30T19:24:33.444610,fused,True,6,80,11.72,72,-13,16,0,low,
2026-05-30T19:24:35.058407,fused,True,6,79,11.72,72,-13,17,0,low,
2026-05-30T19:24:35.464698,fused,True,6,79,4.23,78,-13,18,0,low,
2026-05-30T19:24:37.005573,fused,True,6,79,4.23,78,-13,19,0,low,
2026-05-30T19:24:37.484976,fused,True,6,79,9.04,82,-13,20,0,low,
2026-05-30T19:24:38.989894,fused,True,6,79,9.04,82,-13,21,0,low,
2026-05-30T19:24:39.510531,fused,True,6,79,4.96,79,-13,22,0,low,
2026-05-30T19:24:40.983252,fused,True,6,79,4.96,79,-13,23,0,low,
2026-05-30T19:24:41.534572,fused,True,6,79,7.35,83,-13,24,0,low,
2026-05-30T19:24:42.989516,fused,True,6,79,7.35,83,-13,25,0,low,
2026-05-30T19:24:43.557673,fused,True,6,79,6.57,88,-32,26,0,low,
2026-05-30T19:24:44.982455,fused,True,6,79,6.57,88,-32,27,0,low,
2026-05-30T19:24:45.581883,fused,True,6,79,4.89,79,-10,28,0,low,
2026-05-30T19:24:47.035231,fused,True,6,79,4.89,79,-10,29,0,low,
2026-05-30T19:24:47.615021,fused,True,6,79,4.05,93,-30,30,0,low,
2026-05-30T19:24:48.975678,fused,True,6,79,4.05,93,-30,31,0,low,
2026-05-30T19:24:49.623655,fused,True,6,79,1.92,100,-13,32,0,low,
2026-05-30T19:24:51.034239,fused,True,6,79,1.92,100,-13,33,0,low,
2026-05-30T19:24:51.632114,fused,True,6,79,6.09,83,-13,34,0,low,
2026-05-30T19:24:52.988916,fused,True,6,78,6.09,83,-13,35,0,low,
2026-05-30T19:24:53.640160,fused,True,6,78,11.85,83,-13,36,0,low,
2026-05-30T19:24:54.979953,fused,True,6,78,11.85,83,-13,37,0,low,
2026-05-30T19:24:55.664577,fused,True,6,78,15.53,87,-30,38,0,low,
2026-05-30T19:24:56.977716,fused,True,6,78,15.53,87,-30,39,0,low,
2026-05-30T19:24:57.675084,fused,True,6,78,3.33,94,-12,40,0,low,
2026-05-30T19:24:58.979273,fused,True,6,78,3.33,94,-12,41,0,low,
2026-05-30T19:24:59.682702,fused,True,6,78,20.42,87,-13,42,0,low,
2026-05-30T19:25:00.988987,fused,True,6,78,20.42,87,-13,43,0,low,
2026-05-30T19:25:01.688825,fused,True,6,78,4.58,86,-10,44,0,low,
2026-05-30T19:25:02.986293,fused,True,6,78,4.58,86,-10,45,0,low,
2026-05-30T19:25:03.695287,fused,True,6,78,11.34,92,-30,46,0,low,
2026-05-30T19:25:04.994856,fused,True,6,78,11.34,92,-30,47,0,low,
2026-05-30T19:25:05.728557,fused,True,6,78,3.56,87,-10,48,0,low,
2026-05-30T19:25:07.003763,fused,True,6,78,3.56,87,-10,49,0,low,
2026-05-30T19:25:07.755260,fused,True,6,78,13.57,92,-68,50,0,low,
2026-05-30T19:25:09.008538,fused,True,6,77,13.57,92,-68,51,0,low,
2026-05-30T19:25:09.775281,fused,True,6,77,4.03,97,-10,52,0,low,
2026-05-30T19:25:10.986506,fused,True,6,77,4.03,97,-10,53,0,low,
2026-05-30T19:25:11.784174,fused,True,6,77,6.51,93,-10,54,0,low,
2026-05-30T19:25:12.991496,fused,True,6,77,6.51,93,-10,55,0,low,
2026-05-30T19:25:13.803975,fused,True,6,77,4.73,86,-10,56,0,low,
2026-05-30T19:25:15.034488,fused,True,6,77,4.73,86,-10,57,0,low,
2026-05-30T19:25:15.826617,fused,True,6,77,7.28,98,-30,58,0,low,
2026-05-30T19:25:17.044015,fused,True,6,77,7.28,98,-30,59,0,low,
2026-05-30T19:25:17.845314,fused,True,6,77,1.69,101,-10,60,0,low,
2026-05-30T19:25:18.982378,fused,True,6,77,1.69,101,-10,61,0,low,
2026-05-30T19:25:19.852625,fused,True,6,77,8.58,92,-13,62,0,low,
2026-05-30T19:25:20.985387,fused,True,6,77,8.58,92,-13,63,0,low,
2026-05-30T19:25:21.859019,fused,True,6,77,7.44,82,-10,64,0,low,
2026-05-30T19:25:23.089877,fused,True,6,76,7.44,82,-10,65,0,low,
2026-05-30T19:25:23.881210,fused,True,6,76,33.48,68,-13,66,0,low,
2026-05-30T19:25:25.417868,fused,True,6,76,33.48,68,-13,68,0,low,
2026-05-30T19:25:25.887570,fused,True,6,76,11.21,67,-13,68,0,low,
2026-05-30T19:25:26.997944,fused,True,6,76,11.21,67,-13,69,0,low,
2026-05-30T19:25:27.907063,fused,True,6,76,4.39,82,-64,70,0,low,
2026-05-30T19:25:28.982425,fused,True,6,76,4.39,82,-64,71,0,low,
2026-05-30T19:25:29.914003,fused,True,6,76,3.71,102,-30,72,0,low,
2026-05-30T19:25:30.991748,fused,True,6,76,3.71,102,-30,73,0,low,
2026-05-30T19:25:31.942377,fused,True,6,76,3.25,107,-10,74,0,low,
2026-05-30T19:25:33.010719,fused,True,6,76,3.25,107,-10,75,0,low,
2026-05-30T19:25:33.949966,fused,True,6,76,3.21,89,-30,76,0,low,
2026-05-30T19:25:35.004428,fused,True,6,75,3.21,89,-30,77,0,low,
2026-05-30T19:25:35.957864,fused,True,6,75,13.27,82,-10,78,0,low,
2026-05-30T19:25:36.983869,fused,True,6,75,13.27,82,-10,79,0,low,
2026-05-30T19:25:37.965243,fused,True,6,75,12.62,81,-10,80,0,low,
2026-05-30T19:25:39.004757,fused,True,6,75,12.62,81,-10,81,0,low,
2026-05-30T19:25:39.984603,fused,True,6,75,4.94,84,-30,82,0,low,
2026-05-30T19:25:41.108991,fused,True,6,75,4.94,84,-30,83,0,low,
2026-05-30T19:25:41.992649,fused,True,6,75,6.62,84,-13,84,0,low,
2026-05-30T19:25:42.992478,fused,True,6,75,6.62,84,-13,85,0,low,
2026-05-30T19:25:44.011674,fused,True,6,75,5.21,100,-30,86,0,low,
2026-05-30T19:25:44.991350,fused,True,6,75,5.21,100,-30,87,0,low,
2026-05-30T19:25:46.033004,fused,True,6,75,5.75,99,-10,88,0,low,
2026-05-30T19:25:47.049517,fused,True,6,75,5.75,99,-10,89,0,low,
2026-05-30T19:25:48.039571,fused,True,6,75,4.12,82,-10,90,0,low,
2026-05-30T19:25:48.981488,fused,True,6,75,4.12,82,-10,91,0,low,
2026-05-30T19:25:50.068263,fused,True,6,75,5.38,91,-65,92,0,low,
2026-05-30T19:25:50.984319,fused,True,6,74,5.38,91,-65,93,0,low,
2026-05-30T19:25:52.089159,fused,True,6,74,8.66,104,-30,94,0,low,
2026-05-30T19:25:52.992861,fused,True,6,74,8.66,104,-30,95,0,low,
2026-05-30T19:25:54.110447,fused,True,6,74,3.87,102,-10,96,0,low,
2026-05-30T19:25:55.036914,fused,True,6,74,3.87,102,-10,97,0,low,
2026-05-30T19:25:56.144664,fused,True,6,74,14.14,84,-13,98,0,low,
2026-05-30T19:25:57.004208,fused,True,6,74,14.14,84,-13,99,0,low,
2026-05-30T19:25:58.170876,fused,True,6,74,14.52,75,-30,100,0,low,
2026-05-30T19:25:59.032110,fused,True,6,74,14.52,75,-30,101,0,low,
2026-05-30T19:26:00.178967,fused,True,6,74,2.81,79,-13,102,0,low,
2026-05-30T19:26:01.073905,fused,True,6,74,2.81,79,-13,103,0,low,
2026-05-30T19:26:02.199983,fused,True,6,74,4.59,88,-30,104,0,low,
2026-05-30T19:26:02.976737,fused,True,6,74,4.59,88,-30,105,0,low,
2026-05-30T19:26:04.209484,fused,True,6,74,8.95,76,-14,106,0,low,
2026-05-30T19:26:05.009483,fused,True,6,74,8.95,76,-14,107,0,low,
2026-05-30T19:26:06.240364,fused,True,6,74,3.3,93,-13,108,0,low,
2026-05-30T19:26:07.016164,fused,True,6,74,3.3,93,-13,109,0,low,
2026-05-30T19:26:08.268007,fused,True,6,74,15.6,97,-13,110,0,low,
2026-05-30T19:26:09.001073,fused,True,6,73,15.6,97,-13,111,0,low,
2026-05-30T19:26:10.296938,fused,True,6,73,6.27,78,-13,113,0,low,
2026-05-30T19:26:10.980012,fused,True,6,73,6.27,78,-13,113,0,low,
2026-05-30T19:26:12.318685,fused,True,6,73,1.97,87,-13,115,0,low,
2026-05-30T19:26:12.980942,fused,True,6,73,1.97,87,-13,115,0,low,
2026-05-30T19:26:14.352668,fused,True,6,73,3.16,96,-14,117,0,low,
2026-05-30T19:26:14.990784,fused,True,6,73,3.16,96,-14,117,0,low,
2026-05-30T19:26:16.361583,fused,True,6,73,15.77,84,-14,119,0,low,
2026-05-30T19:26:16.991874,fused,True,6,73,15.77,84,-14,119,0,low,
2026-05-30T19:26:18.386806,fused,True,6,73,4.16,77,-14,121,0,low,
2026-05-30T19:26:19.101399,fused,True,6,73,4.16,77,-14,121,0,low,
2026-05-30T19:26:20.395352,fused,True,6,73,8.35,81,-31,123,0,low,
2026-05-30T19:26:21.154270,fused,True,6,73,8.35,81,-31,123,0,low,
2026-05-30T19:26:22.402122,fused,True,6,73,13.01,89,-30,125,0,low,
2026-05-30T19:26:22.987541,fused,True,6,72,13.01,89,-30,125,0,low,
2026-05-30T19:26:24.425749,fused,True,6,72,7.33,93,-30,127,0,low,
2026-05-30T19:26:24.983541,fused,True,6,72,7.33,93,-30,127,0,low,
2026-05-30T19:26:26.449421,fused,True,6,72,4.2,100,-30,129,0,low,
2026-05-30T19:26:26.994136,fused,True,6,72,4.2,100,-30,129,0,low,
2026-05-30T19:26:28.455861,fused,True,6,72,5.78,86,-14,131,0,low,
2026-05-30T19:26:28.982841,fused,True,6,72,5.78,86,-14,131,0,low,
2026-05-30T19:26:30.478837,fused,True,6,72,4.09,85,-30,133,0,low,
2026-05-30T19:26:30.985403,fused,True,6,72,4.09,85,-30,133,0,low,
2026-05-30T19:26:32.498347,fused,True,6,72,6.27,86,-13,135,0,low,
2026-05-30T19:26:32.983591,fused,True,6,72,6.27,86,-13,135,0,low,
2026-05-30T19:26:34.506765,fused,True,6,72,8.38,78,-30,137,0,low,
2026-05-30T19:26:34.988266,fused,True,6,72,8.38,78,-30,137,0,low,
2026-05-30T19:26:36.532682,fused,True,6,72,4.03,83,-75,139,0,low,
2026-05-30T19:26:37.018975,fused,True,6,72,4.03,83,-75,139,0,low,
2026-05-30T19:26:38.555305,fused,True,6,72,4.99,89,-30,141,0,low,
2026-05-30T19:26:39.002762,fused,True,6,72,4.99,89,-30,141,0,low,
2026-05-30T19:26:40.575419,fused,True,6,72,3.41,80,-13,143,0,low,
2026-05-30T19:26:41.010797,fused,True,6,71,3.41,80,-13,143,0,low,
2026-05-30T19:26:42.594132,fused,True,6,71,4.12,68,-29,145,0,low,
2026-05-30T19:26:43.061374,fused,True,6,71,4.12,68,-29,145,0,low,
2026-05-30T19:26:44.612749,fused,True,6,71,15.04,90,-10,147,0,low,
2026-05-30T19:26:44.992520,fused,True,6,71,15.04,90,-10,147,0,low,
2026-05-30T19:26:46.623103,fused,True,6,71,4.19,100,-10,149,0,low,
2026-05-30T19:26:46.988545,fused,True,6,71,4.19,100,-10,149,0,low,
2026-05-30T19:26:48.628144,fused,True,6,71,4.71,90,-82,151,0,low,
2026-05-30T19:26:49.105090,fused,True,6,71,4.71,90,-82,151,0,low,
2026-05-30T19:26:50.662719,fused,True,6,71,6.73,99,-10,153,0,low,
2026-05-30T19:26:50.987279,fused,True,6,71,6.73,99,-10,153,0,low,
2026-05-30T19:26:52.686854,fused,True,6,71,0.82,98,-10,155,0,low,
2026-05-30T19:26:53.096130,fused,True,6,71,0.82,98,-10,155,0,low,
2026-05-30T19:26:54.695966,fused,True,6,71,10.02,92,-13,157,0,low,
2026-05-30T19:26:54.979392,fused,True,6,71,10.02,92,-13,157,0,low,
2026-05-30T19:26:56.733235,fused,True,6,71,3.24,95,-30,159,0,low,
2026-05-30T19:26:56.987686,fused,True,6,70,3.24,95,-30,159,0,low,
2026-05-30T19:26:58.756882,fused,True,6,70,1.5,83,-13,161,0,low,
2026-05-30T19:26:58.983903,fused,True,6,70,1.5,83,-13,161,0,low,
2026-05-30T19:27:00.777927,fused,True,6,70,6.9,75,-65,163,0,low,
2026-05-30T19:27:01.079942,fused,True,6,70,6.9,75,-65,163,0,low,
2026-05-30T19:27:02.803491,fused,True,6,70,8.24,76,-64,165,0,low,
2026-05-30T19:27:02.985243,fused,True,6,70,8.24,76,-64,165,0,low,
2026-05-30T19:27:04.822641,fused,True,6,70,2.52,85,-13,167,0,low,
2026-05-30T19:27:05.099567,fused,True,6,70,2.52,85,-13,167,0,low,
2026-05-30T19:27:06.831688,fused,True,6,70,5.8,91,-13,169,0,low,
2026-05-30T19:27:07.129161,fused,True,6,70,5.8,91,-13,169,0,low,
2026-05-30T19:27:08.858515,fused,True,6,70,10.14,95,-13,171,0,low,
2026-05-30T19:27:08.990277,fused,True,6,70,10.14,95,-13,171,0,low,
2026-05-30T19:27:10.865449,fused,True,6,70,2.12,95,-64,173,0,low,
2026-05-30T19:27:11.017845,fused,True,6,70,2.12,95,-64,173,0,low,
2026-05-30T19:27:12.875507,fused,True,6,70,5.75,85,-30,175,0,low,
2026-05-30T19:27:13.018915,fused,True,6,70,5.75,85,-30,175,0,low,
2026-05-30T19:27:14.903608,fused,True,6,70,2.39,73,-10,177,0,low,
2026-05-30T19:27:14.982294,fused,True,6,69,2.39,73,-10,177,0,low,
2026-05-30T19:27:16.928583,fused,True,6,69,11.89,79,-10,179,0,low,
2026-05-30T19:27:16.991165,fused,True,6,69,11.89,79,-10,179,0,low,
2026-05-30T19:27:18.955410,fused,True,6,69,8.47,85,-13,181,0,low,
2026-05-30T19:27:18.991166,fused,True,6,69,8.47,85,-13,181,0,low,
2026-05-30T19:27:20.965742,fused,True,6,69,3.39,90,-14,183,0,low,
2026-05-30T19:27:20.997267,fused,True,6,69,3.39,90,-14,183,0,low,
2026-05-30T19:27:22.990114,fused,True,6,69,9.01,80,-30,185,0,low,
2026-05-30T19:27:22.994181,fused,True,6,69,9.01,80,-30,185,0,low,
2026-05-30T19:27:24.986705,fused,True,6,69,9.01,80,-30,187,0,low,
2026-05-30T19:27:24.998203,fused,True,6,69,9.28,91,-13,187,0,low,
2026-05-30T19:27:26.997328,fused,True,6,69,9.28,91,-13,189,0,low,
2026-05-30T19:27:27.007416,fused,True,6,69,6.12,91,-13,189,0,low,
2026-05-30T19:27:28.982693,fused,True,6,69,6.12,91,-13,191,0,low,
2026-05-30T19:27:29.025947,fused,True,6,69,13.14,85,-13,191,0,low,
2026-05-30T19:27:30.984793,fused,True,6,68,13.14,85,-13,193,0,low,
2026-05-30T19:27:31.049456,fused,True,6,68,8.2,81,-13,193,0,low,
2026-05-30T19:27:33.041910,fused,True,6,68,8.2,81,-13,195,0,low,
2026-05-30T19:27:33.064575,fused,True,6,68,2.9,86,-10,195,0,low,
2026-05-30T19:27:34.986937,fused,True,6,68,2.9,86,-10,197,0,low,
2026-05-30T19:27:35.073554,fused,True,6,68,7.18,81,-30,197,0,low,
2026-05-30T19:27:36.983399,fused,True,6,68,7.18,81,-30,199,0,low,
2026-05-30T19:27:37.081813,fused,True,6,68,9.5,79,-30,199,0,low,
2026-05-30T19:27:38.996036,fused,True,6,68,9.5,79,-30,201,0,low,
2026-05-30T19:27:39.101538,fused,True,6,68,3.3,89,-10,201,0,low,
2026-05-30T19:27:40.997163,fused,True,6,68,3.3,89,-10,203,0,low,
2026-05-30T19:27:41.130071,fused,True,6,68,11.3,80,-30,203,0,low,
2026-05-30T19:27:43.067255,fused,True,6,68,11.3,80,-30,205,0,low,
2026-05-30T19:27:43.136032,fused,True,6,68,11.68,80,-13,205,0,low,
2026-05-30T19:27:45.017856,fused,True,6,68,11.68,80,-13,207,0,low,
2026-05-30T19:27:45.167294,fused,True,6,68,3.37,93,-10,207,0,low,
2026-05-30T19:27:47.000277,fused,True,6,68,3.37,93,-10,209,0,low,
2026-05-30T19:27:47.176623,fused,True,6,68,6.52,91,-13,209,0,low,
2026-05-30T19:27:49.208067,fused,True,6,68,3.3,86,-31,211,0,low,
2026-05-30T19:27:49.460165,fused,True,6,68,3.3,86,-31,212,0,low,
2026-05-30T19:27:51.235414,fused,True,6,68,16.66,79,-30,213,0,low,
2026-05-30T19:27:51.836577,fused,True,6,67,16.66,79,-30,214,0,low,
2026-05-30T19:27:53.196458,fused,True,6,67,16.66,79,-30,215,0,low,
2026-05-30T19:27:53.244170,fused,True,6,67,3.59,78,-30,215,0,low,
2026-05-30T19:27:55.260324,fused,True,6,67,2.12,93,-30,217,0,low,
2026-05-30T19:27:55.298535,fused,True,6,67,2.12,93,-30,218,0,low,
2026-05-30T19:27:57.068745,fused,True,6,67,2.12,93,-30,219,0,low,
2026-05-30T19:27:57.291010,fused,True,6,67,4.09,93,-14,220,0,low,
2026-05-30T19:27:58.986443,fused,True,6,67,4.09,93,-14,221,0,low,
2026-05-30T19:27:59.309476,fused,True,6,67,10.86,80,-14,222,0,low,
2026-05-30T19:28:00.987882,fused,True,6,67,10.86,80,-14,223,0,low,
2026-05-30T19:28:01.330293,fused,True,6,67,19.12,92,-10,224,0,low,
2026-05-30T19:28:02.987664,fused,True,6,67,19.12,92,-10,225,0,low,
2026-05-30T19:28:03.344979,fused,True,6,67,6.27,89,-10,226,0,low,
2026-05-30T19:28:04.981815,fused,True,6,67,6.27,89,-10,227,0,low,
2026-05-30T19:28:05.415428,fused,True,6,67,3.72,79,-10,228,0,low,
2026-05-30T19:28:07.033550,fused,True,6,67,3.72,79,-10,229,0,low,
2026-05-30T19:28:07.441547,fused,True,6,67,12.2,77,-13,230,0,low,
2026-05-30T19:28:08.979945,fused,True,6,67,12.2,77,-13,231,0,low,
2026-05-30T19:28:09.448739,fused,True,6,67,19.37,90,-13,232,0,low,
2026-05-30T19:28:10.982494,fused,True,6,67,19.37,90,-13,233,0,low,
2026-05-30T19:28:11.455003,fused,True,6,67,3.71,102,-30,234,0,low,
2026-05-30T19:28:13.074090,fused,True,6,66,3.71,102,-30,235,0,low,
2026-05-30T19:28:13.462015,fused,True,6,66,4.18,90,-10,236,0,low,
2026-05-30T19:28:15.000973,fused,True,6,66,4.18,90,-10,237,0,low,
2026-05-30T19:28:15.480942,fused,True,6,66,5.18,83,-75,238,0,low,
2026-05-30T19:28:17.132168,fused,True,6,66,5.18,83,-75,239,0,low,
2026-05-30T19:28:17.501477,fused,True,6,66,5.86,74,-13,240,0,low,
2026-05-30T19:28:19.016939,fused,True,6,66,5.86,74,-13,241,0,low,
2026-05-30T19:28:19.526049,fused,True,6,66,10.69,82,-31,242,0,low,
2026-05-30T19:28:21.029528,fused,True,6,66,10.69,82,-31,243,0,low,
2026-05-30T19:28:21.533468,fused,True,6,66,22.9,91,-10,244,0,low,
2026-05-30T19:28:22.985124,fused,True,6,66,22.9,91,-10,245,0,low,
2026-05-30T19:28:23.540689,fused,True,6,66,4.3,86,-30,246,0,low,
2026-05-30T19:28:25.158039,fused,True,6,66,4.3,86,-30,247,0,low,
2026-05-30T19:28:25.560035,fused,True,6,66,16.25,84,-10,248,0,low,
2026-05-30T19:28:27.070099,fused,True,6,65,16.25,84,-10,249,0,low,
2026-05-30T19:28:27.587321,fused,True,6,65,6.55,81,-29,250,0,low,
2026-05-30T19:28:29.050836,fused,True,6,65,6.55,81,-29,251,0,low,
2026-05-30T19:28:29.608315,fused,True,6,65,5.17,76,-29,252,0,low,
2026-05-30T19:28:31.098743,fused,True,6,65,5.17,76,-29,253,0,low,
2026-05-30T19:28:31.628154,fused,True,6,65,21.3,81,-13,254,0,low,
2026-05-30T19:28:32.986278,fused,True,6,65,21.3,81,-13,255,0,low,
2026-05-30T19:28:33.643740,fused,True,6,65,4.52,84,-13,256,0,low,
2026-05-30T19:28:34.989567,fused,True,6,65,4.52,84,-13,257,0,low,
2026-05-30T19:28:35.665832,fused,True,6,65,25.0,92,-13,258,0,low,
2026-05-30T19:28:36.985907,fused,True,6,65,25.0,92,-13,259,0,low,
2026-05-30T19:28:37.683694,fused,True,6,65,7.01,89,-31,260,0,low,
2026-05-30T19:28:38.986516,fused,True,6,65,7.01,89,-31,261,0,low,
2026-05-30T19:28:39.704813,fused,True,6,65,4.18,92,-31,262,0,low,
2026-05-30T19:28:40.983170,fused,True,6,65,4.18,92,-31,263,0,low,
2026-05-30T19:28:41.710244,fused,True,6,65,8.69,93,-13,264,0,low,
2026-05-30T19:28:42.978112,fused,True,6,65,8.69,93,-13,265,0,low,
2026-05-30T19:28:43.719910,fused,True,6,65,10.7,90,-30,266,0,low,
2026-05-30T19:28:44.993667,fused,True,6,65,10.7,90,-30,267,0,low,
2026-05-30T19:28:45.745160,fused,True,6,65,4.38,76,-30,268,0,low,
2026-05-30T19:28:46.980856,fused,True,6,65,4.38,76,-30,269,0,low,
2026-05-30T19:28:47.775374,fused,True,6,65,3.12,74,-30,270,0,low,
2026-05-30T19:28:49.020230,fused,True,6,64,3.12,74,-30,271,0,low,
2026-05-30T19:28:49.784842,fused,True,6,64,23.21,83,-32,272,0,low,
2026-05-30T19:28:50.989773,fused,True,6,64,23.21,83,-32,273,0,low,
2026-05-30T19:28:51.802571,fused,True,6,64,8.69,87,-31,274,0,low,
2026-05-30T19:28:52.990442,fused,True,6,64,8.69,87,-31,275,0,low,
2026-05-30T19:28:53.810548,fused,True,6,64,12.65,93,-13,276,0,low,
2026-05-30T19:28:54.989943,fused,True,6,64,12.65,93,-13,277,0,low,
2026-05-30T19:28:55.818772,fused,True,6,64,2.07,80,-30,278,0,low,
2026-05-30T19:28:57.109161,fused,True,6,64,2.07,80,-30,279,0,low,
2026-05-30T19:28:57.825703,fused,True,6,64,15.45,89,-28,280,0,low,
2026-05-30T19:28:59.000768,fused,True,6,64,15.45,89,-28,281,0,low,
2026-05-30T19:28:59.831457,fused,True,6,64,9.06,84,-31,282,0,low,
2026-05-30T19:29:00.994757,fused,True,6,64,9.06,84,-31,283,0,low,
2026-05-30T19:29:01.837574,fused,True,6,64,23.98,85,-13,284,0,low,
2026-05-30T19:29:02.993110,fused,True,6,64,23.98,85,-13,285,0,low,
2026-05-30T19:29:03.865165,fused,True,6,64,4.65,85,-66,286,0,low,
2026-05-30T19:29:04.988581,fused,True,6,64,4.65,85,-66,287,0,low,
2026-05-30T19:29:05.884717,fused,True,6,64,6.03,90,-10,288,0,low,
2026-05-30T19:29:06.996356,fused,True,6,64,6.03,90,-10,289,0,low,
2026-05-30T19:29:07.891597,fused,True,6,64,9.48,98,-13,290,0,low,
2026-05-30T19:29:08.994422,fused,True,6,64,9.48,98,-13,291,0,low,
2026-05-30T19:29:09.920708,fused,True,6,64,13.47,96,-13,292,0,low,
2026-05-30T19:29:10.988855,fused,True,6,64,13.47,96,-13,293,0,low,
2026-05-30T19:29:11.948130,fused,True,6,64,15.4,83,-31,294,0,low,
2026-05-30T19:29:13.082747,fused,True,6,63,15.4,83,-31,295,0,low,
2026-05-30T19:29:13.956992,fused,True,6,63,4.96,80,-13,296,0,low,
2026-05-30T19:29:15.030808,fused,True,6,63,4.96,80,-13,297,0,low,
2026-05-30T19:29:15.975756,fused,True,6,63,4.59,88,-32,298,0,low,
2026-05-30T19:29:16.996851,fused,True,6,63,4.59,88,-32,299,0,low,
2026-05-30T19:29:17.982369,fused,True,6,63,9.93,93,-10,300,0,medium,Prolonged occupancy: 5m 0s
2026-05-30T19:29:19.026094,fused,True,6,63,9.93,93,-10,301,0,medium,Prolonged occupancy: 5m 1s
2026-05-30T19:29:19.990487,fused,True,6,63,11.01,80,-13,302,0,medium,Prolonged occupancy: 5m 2s
2026-05-30T19:29:20.988904,fused,True,6,63,11.01,80,-13,303,0,medium,Prolonged occupancy: 5m 3s
2026-05-30T19:29:22.000901,fused,True,6,63,6.73,85,-27,304,0,medium,Prolonged occupancy: 5m 4s
2026-05-30T19:29:22.995188,fused,True,6,63,6.73,85,-27,305,0,medium,Prolonged occupancy: 5m 5s
2026-05-30T19:29:24.023834,fused,True,6,63,15.58,89,-10,306,0,medium,Prolonged occupancy: 5m 6s
2026-05-30T19:29:24.982978,fused,True,6,63,15.58,89,-10,307,0,medium,Prolonged occupancy: 5m 7s
2026-05-30T19:29:26.030345,fused,True,6,63,2.97,87,-76,308,0,medium,Prolonged occupancy: 5m 8s
2026-05-30T19:29:26.985406,fused,True,6,63,2.97,87,-76,309,0,medium,Prolonged occupancy: 5m 9s
2026-05-30T19:29:28.058088,fused,True,6,63,4.61,93,-29,310,0,medium,Prolonged occupancy: 5m 10s
2026-05-30T19:29:29.005599,fused,True,6,63,4.61,93,-29,311,0,medium,Prolonged occupancy: 5m 11s
2026-05-30T19:29:30.076680,fused,True,6,63,2.86,96,-10,312,0,medium,Prolonged occupancy: 5m 12s
2026-05-30T19:29:30.998076,fused,True,6,63,2.86,96,-10,313,0,medium,Prolonged occupancy: 5m 13s
2026-05-30T19:29:32.085052,fused,True,6,63,14.58,90,-10,314,0,medium,Prolonged occupancy: 5m 14s
2026-05-30T19:29:32.985451,fused,True,6,62,14.58,90,-10,315,0,medium,Prolonged occupancy: 5m 15s
2026-05-30T19:29:34.113570,fused,True,6,62,25.79,80,-10,316,0,medium,Prolonged occupancy: 5m 16s
2026-05-30T19:29:35.102583,fused,True,6,62,25.79,80,-10,317,0,medium,Prolonged occupancy: 5m 17s
2026-05-30T19:29:36.121973,fused,True,6,62,4.13,83,-31,318,0,medium,Prolonged occupancy: 5m 18s
2026-05-30T19:29:36.989754,fused,True,6,62,4.13,83,-31,319,0,medium,Prolonged occupancy: 5m 19s
2026-05-30T19:29:38.149933,fused,True,6,62,19.73,97,-29,320,0,medium,Prolonged occupancy: 5m 20s
2026-05-30T19:29:38.983295,fused,True,6,62,19.73,97,-29,321,0,medium,Prolonged occupancy: 5m 21s
2026-05-30T19:29:40.171939,fused,True,6,62,2.02,98,-30,322,0,medium,Prolonged occupancy: 5m 22s
2026-05-30T19:29:41.045601,fused,True,6,62,2.02,98,-30,323,0,medium,Prolonged occupancy: 5m 23s
2026-05-30T19:29:42.191792,fused,True,6,62,6.78,93,-29,324,0,medium,Prolonged occupancy: 5m 24s
2026-05-30T19:29:42.985850,fused,True,6,62,6.78,93,-29,325,0,medium,Prolonged occupancy: 5m 25s
2026-05-30T19:29:44.214129,fused,True,6,62,9.15,98,-10,326,0,medium,Prolonged occupancy: 5m 26s
2026-05-30T19:29:44.980260,fused,True,6,62,9.15,98,-10,327,0,medium,Prolonged occupancy: 5m 27s
2026-05-30T19:29:46.239461,fused,True,6,62,4.53,95,-30,328,0,medium,Prolonged occupancy: 5m 28s
2026-05-30T19:29:47.083022,fused,True,6,62,4.53,95,-30,329,0,medium,Prolonged occupancy: 5m 29s
2026-05-30T19:29:48.246119,fused,True,6,62,7.61,90,-39,330,0,medium,Prolonged occupancy: 5m 30s
2026-05-30T19:29:49.025350,fused,True,6,62,7.61,90,-39,331,0,medium,Prolonged occupancy: 5m 31s
2026-05-30T19:29:50.273782,fused,True,6,62,3.74,86,-30,332,0,medium,Prolonged occupancy: 5m 32s
2026-05-30T19:29:50.990437,fused,True,6,62,3.74,86,-30,333,0,medium,Prolonged occupancy: 5m 33s
2026-05-30T19:29:52.286220,fused,True,6,62,4.15,87,-10,335,0,medium,Prolonged occupancy: 5m 35s
2026-05-30T19:29:53.025210,fused,True,6,62,4.15,87,-10,335,0,medium,Prolonged occupancy: 5m 35s
2026-05-30T19:29:54.294360,fused,True,6,62,11.66,106,-13,337,0,medium,Prolonged occupancy: 5m 37s
2026-05-30T19:29:55.008780,fused,True,6,62,11.66,106,-13,337,0,medium,Prolonged occupancy: 5m 37s
2026-05-30T19:29:56.323706,fused,True,6,62,4.52,83,-30,339,0,medium,Prolonged occupancy: 5m 39s
2026-05-30T19:29:57.014527,fused,True,6,61,4.52,83,-30,339,0,medium,Prolonged occupancy: 5m 39s
2026-05-30T19:29:58.354910,fused,True,6,61,10.31,69,-13,341,0,medium,Prolonged occupancy: 5m 41s
2026-05-30T19:29:58.996853,fused,True,6,61,10.31,69,-13,341,0,medium,Prolonged occupancy: 5m 41s
2026-05-30T19:30:00.378068,fused,True,6,61,5.78,85,-30,343,0,medium,Prolonged occupancy: 5m 43s
2026-05-30T19:30:00.996178,fused,True,6,61,5.78,85,-30,343,0,medium,Prolonged occupancy: 5m 43s
2026-05-30T19:30:02.383681,fused,True,6,61,7.61,84,-10,345,0,medium,Prolonged occupancy: 5m 45s
2026-05-30T19:30:02.990139,fused,True,6,61,7.61,84,-10,345,0,medium,Prolonged occupancy: 5m 45s
2026-05-30T19:30:04.402988,fused,True,6,61,10.22,87,-13,347,0,medium,Prolonged occupancy: 5m 47s
2026-05-30T19:30:05.003623,fused,True,6,61,10.22,87,-13,347,0,medium,Prolonged occupancy: 5m 47s
2026-05-30T19:30:06.428759,fused,True,6,61,2.74,100,-13,349,0,medium,Prolonged occupancy: 5m 49s
2026-05-30T19:30:06.985450,fused,True,6,61,2.74,100,-13,349,0,medium,Prolonged occupancy: 5m 49s
2026-05-30T19:30:08.437815,fused,True,6,61,8.3,92,-13,351,0,medium,Prolonged occupancy: 5m 51s
2026-05-30T19:30:08.982737,fused,True,6,61,8.3,92,-13,351,0,medium,Prolonged occupancy: 5m 51s
2026-05-30T19:30:10.479524,fused,True,6,61,4.97,89,-30,353,0,medium,Prolonged occupancy: 5m 53s
2026-05-30T19:30:11.044868,fused,True,6,61,4.97,89,-30,353,0,medium,Prolonged occupancy: 5m 53s
2026-05-30T19:30:12.488352,fused,True,6,61,5.15,79,-14,355,0,medium,Prolonged occupancy: 5m 55s
2026-05-30T19:30:12.982132,fused,True,6,61,5.15,79,-14,355,0,medium,Prolonged occupancy: 5m 55s
2026-05-30T19:30:14.511309,fused,True,6,61,18.11,76,-13,357,0,medium,Prolonged occupancy: 5m 57s
2026-05-30T19:30:15.038089,fused,True,6,61,18.11,76,-13,357,0,medium,Prolonged occupancy: 5m 57s
2026-05-30T19:30:16.518627,fused,True,6,61,9.9,81,-13,359,0,medium,Prolonged occupancy: 5m 59s
2026-05-30T19:30:17.005136,fused,True,6,61,9.9,81,-13,359,0,medium,Prolonged occupancy: 5m 59s
2026-05-30T19:30:18.545006,fused,True,6,61,3.1,83,-13,361,0,medium,Prolonged occupancy: 6m 1s
2026-05-30T19:30:19.000196,fused,True,6,61,3.1,83,-13,361,0,medium,Prolonged occupancy: 6m 1s
2026-05-30T19:30:20.553764,fused,True,6,61,2.48,89,-30,363,0,medium,Prolonged occupancy: 6m 3s
2026-05-30T19:30:20.986721,fused,True,6,61,2.48,89,-30,363,0,medium,Prolonged occupancy: 6m 3s
2026-05-30T19:30:22.585380,fused,True,6,61,13.72,84,-13,365,0,medium,Prolonged occupancy: 6m 5s
2026-05-30T19:30:23.023572,fused,True,6,61,13.72,84,-13,365,0,medium,Prolonged occupancy: 6m 5s
2026-05-30T19:30:24.607322,fused,True,6,61,3.69,89,-30,367,0,medium,Prolonged occupancy: 6m 7s
2026-05-30T19:30:24.988745,fused,True,6,60,3.69,89,-30,367,0,medium,Prolonged occupancy: 6m 7s
2026-05-30T19:30:26.616344,fused,True,6,60,4.32,69,-13,369,0,medium,Prolonged occupancy: 6m 9s
2026-05-30T19:30:26.996785,fused,True,6,60,4.32,69,-13,369,0,medium,Prolonged occupancy: 6m 9s
2026-05-30T19:30:28.625534,fused,True,6,60,16.62,73,-30,371,0,medium,Prolonged occupancy: 6m 11s
2026-05-30T19:30:28.995290,fused,True,6,60,16.62,73,-30,371,0,medium,Prolonged occupancy: 6m 11s
2026-05-30T19:30:30.650092,fused,True,6,60,7.74,80,-13,373,0,medium,Prolonged occupancy: 6m 13s
2026-05-30T19:30:30.993745,fused,True,6,60,7.74,80,-13,373,0,medium,Prolonged occupancy: 6m 13s
2026-05-30T19:30:32.675739,fused,True,6,60,18.01,81,-30,375,0,medium,Prolonged occupancy: 6m 15s
2026-05-30T19:30:33.000639,fused,True,6,60,18.01,81,-30,375,0,medium,Prolonged occupancy: 6m 15s
2026-05-30T19:30:34.697236,fused,True,6,60,5.36,89,-10,377,0,medium,Prolonged occupancy: 6m 17s
2026-05-30T19:30:35.045237,fused,True,6,60,5.36,89,-10,377,0,medium,Prolonged occupancy: 6m 17s
2026-05-30T19:30:36.703082,fused,True,6,60,6.52,86,-30,379,0,medium,Prolonged occupancy: 6m 19s
2026-05-30T19:30:37.051248,fused,True,6,60,6.52,86,-30,379,0,medium,Prolonged occupancy: 6m 19s
2026-05-30T19:30:38.732021,fused,True,6,60,3.19,83,-30,381,0,medium,Prolonged occupancy: 6m 21s
2026-05-30T19:30:39.001493,fused,True,6,60,3.19,83,-30,381,0,medium,Prolonged occupancy: 6m 21s
2026-05-30T19:30:40.766369,fused,True,6,60,4.89,85,-13,383,0,medium,Prolonged occupancy: 6m 23s
2026-05-30T19:30:40.982001,fused,True,6,60,4.89,85,-13,383,0,medium,Prolonged occupancy: 6m 23s
2026-05-30T19:30:42.794600,fused,True,6,60,5.69,85,-30,385,0,medium,Prolonged occupancy: 6m 25s
2026-05-30T19:30:42.984796,fused,True,6,60,5.69,85,-30,385,0,medium,Prolonged occupancy: 6m 25s
2026-05-30T19:30:44.829074,fused,True,6,60,3.64,79,-10,387,0,medium,Prolonged occupancy: 6m 27s
2026-05-30T19:30:45.043439,fused,True,6,60,3.64,79,-10,387,0,medium,Prolonged occupancy: 6m 27s
2026-05-30T19:30:46.856961,fused,True,6,60,6.57,78,-10,389,0,medium,Prolonged occupancy: 6m 29s
2026-05-30T19:30:46.993071,fused,True,6,60,6.57,78,-10,389,0,medium,Prolonged occupancy: 6m 29s
2026-05-30T19:30:48.884044,fused,True,6,60,22.35,69,-10,391,0,medium,Prolonged occupancy: 6m 31s
2026-05-30T19:30:48.981786,fused,True,6,59,22.35,69,-10,391,0,medium,Prolonged occupancy: 6m 31s
2026-05-30T19:30:50.914141,fused,True,6,59,25.79,67,-10,393,0,medium,Prolonged occupancy: 6m 33s
2026-05-30T19:30:51.084364,fused,True,6,59,25.79,67,-10,393,0,medium,Prolonged occupancy: 6m 33s
2026-05-30T19:30:52.940804,fused,True,6,59,2.97,90,-30,395,0,medium,Prolonged occupancy: 6m 35s
2026-05-30T19:30:53.031108,fused,True,6,59,2.97,90,-30,395,0,medium,Prolonged occupancy: 6m 35s
2026-05-30T19:30:54.967880,fused,True,6,59,11.07,99,-10,397,0,medium,Prolonged occupancy: 6m 37s
2026-05-30T19:30:55.006029,fused,True,6,59,11.07,99,-10,397,0,medium,Prolonged occupancy: 6m 37s
2026-05-30T19:30:56.996068,fused,True,6,59,6.01,95,-30,399,0,medium,Prolonged occupancy: 6m 39s
2026-05-30T19:30:57.022750,fused,True,6,59,6.01,95,-30,399,0,medium,Prolonged occupancy: 6m 39s
2026-05-30T19:30:59.023582,fused,True,6,59,3.87,100,-10,401,0,medium,Prolonged occupancy: 6m 41s
2026-05-30T19:30:59.026799,fused,True,6,59,3.87,100,-10,401,0,medium,Prolonged occupancy: 6m 41s
2026-05-30T19:31:01.008711,fused,True,6,59,3.87,100,-10,403,0,medium,Prolonged occupancy: 6m 43s
2026-05-30T19:31:01.037419,fused,True,6,59,6.21,96,-30,403,0,medium,Prolonged occupancy: 6m 43s
2026-05-30T19:31:02.996827,fused,True,6,59,6.21,96,-30,405,0,medium,Prolonged occupancy: 6m 45s
2026-05-30T19:31:03.045619,fused,True,6,59,10.33,73,-30,405,0,medium,Prolonged occupancy: 6m 45s
2026-05-30T19:31:05.009303,fused,True,6,59,10.33,73,-30,407,0,medium,Prolonged occupancy: 6m 47s
2026-05-30T19:31:05.071910,fused,True,6,59,3.13,69,-10,407,0,medium,Prolonged occupancy: 6m 47s
2026-05-30T19:31:06.989881,fused,True,6,59,3.13,69,-10,409,0,medium,Prolonged occupancy: 6m 49s
2026-05-30T19:31:07.100397,fused,True,6,59,8.84,97,-10,409,0,medium,Prolonged occupancy: 6m 49s
2026-05-30T19:31:08.995443,fused,True,6,59,8.84,97,-10,411,0,medium,Prolonged occupancy: 6m 51s
2026-05-30T19:31:09.120597,fused,True,6,59,6.33,92,-10,411,0,medium,Prolonged occupancy: 6m 51s
2026-05-30T19:31:11.129733,fused,True,6,59,3.86,90,-30,413,0,medium,Prolonged occupancy: 6m 53s
2026-05-30T19:31:11.162358,fused,True,6,59,3.86,90,-30,413,0,medium,Prolonged occupancy: 6m 53s
2026-05-30T19:31:13.148187,fused,True,6,59,4.54,98,-13,415,0,medium,Prolonged occupancy: 6m 55s
2026-05-30T19:31:13.190133,fused,True,6,59,4.54,98,-13,415,0,medium,Prolonged occupancy: 6m 55s
2026-05-30T19:31:15.154470,fused,True,6,59,10.31,93,-27,417,0,medium,Prolonged occupancy: 6m 57s
2026-05-30T19:31:15.263486,fused,True,6,59,10.31,93,-27,417,0,medium,Prolonged occupancy: 6m 57s
2026-05-30T19:31:17.183676,fused,True,6,59,25.76,77,-31,419,0,medium,Prolonged occupancy: 6m 59s
2026-05-30T19:31:17.351211,fused,True,6,58,25.76,77,-31,420,0,medium,Prolonged occupancy: 7m 0s
2026-05-30T19:31:19.179683,fused,True,6,58,25.76,77,-31,421,0,medium,Prolonged occupancy: 7m 1s
2026-05-30T19:31:19.210819,fused,True,6,58,5.57,87,-31,421,0,medium,Prolonged occupancy: 7m 1s
2026-05-30T19:31:21.217713,fused,True,6,58,5.21,84,-38,423,0,medium,Prolonged occupancy: 7m 3s
2026-05-30T19:31:21.294359,fused,True,6,58,5.21,84,-38,424,0,medium,Prolonged occupancy: 7m 4s
2026-05-30T19:31:23.239737,fused,True,6,58,1.85,73,-32,425,0,medium,Prolonged occupancy: 7m 5s
2026-05-30T19:31:23.287014,fused,True,6,58,1.85,73,-32,426,0,medium,Prolonged occupancy: 7m 6s
2026-05-30T19:31:25.259459,fused,True,6,58,7.09,89,-31,427,0,medium,Prolonged occupancy: 7m 7s
2026-05-30T19:31:25.365654,fused,True,6,58,7.09,89,-31,428,0,medium,Prolonged occupancy: 7m 8s
2026-05-30T19:31:27.092681,fused,True,6,58,7.09,89,-31,429,0,medium,Prolonged occupancy: 7m 9s
2026-05-30T19:31:27.280983,fused,True,6,58,8.94,106,-13,430,0,medium,Prolonged occupancy: 7m 10s
2026-05-30T19:31:29.307079,fused,True,6,58,16.21,111,-31,432,0,medium,Prolonged occupancy: 7m 12s
2026-05-30T19:31:29.532242,fused,True,6,58,16.21,111,-31,432,0,medium,Prolonged occupancy: 7m 12s
2026-05-30T19:31:31.331470,fused,True,6,58,6.8,96,-30,434,0,medium,Prolonged occupancy: 7m 14s
2026-05-30T19:31:31.479906,fused,True,6,58,6.8,96,-30,434,0,medium,Prolonged occupancy: 7m 14s
2026-05-30T19:31:33.339337,fused,True,6,58,2.45,79,-42,436,0,medium,Prolonged occupancy: 7m 16s
2026-05-30T19:31:33.928377,fused,True,6,58,2.45,79,-42,436,0,medium,Prolonged occupancy: 7m 16s
2026-05-30T19:31:35.277419,fused,True,6,58,2.45,79,-42,437,0,medium,Prolonged occupancy: 7m 17s
2026-05-30T19:31:35.364761,fused,True,6,58,5.72,86,-13,438,0,medium,Prolonged occupancy: 7m 18s
2026-05-30T19:31:37.029611,fused,True,6,58,5.72,86,-13,439,0,medium,Prolonged occupancy: 7m 19s
2026-05-30T19:31:37.390232,fused,True,6,58,11.9,93,-10,440,0,medium,Prolonged occupancy: 7m 20s
2026-05-30T19:31:39.117425,fused,True,6,58,11.9,93,-10,441,0,medium,Prolonged occupancy: 7m 21s
2026-05-30T19:31:39.398414,fused,True,6,58,4.08,99,-13,442,0,medium,Prolonged occupancy: 7m 22s
2026-05-30T19:31:41.158085,fused,True,6,58,4.08,99,-13,443,0,medium,Prolonged occupancy: 7m 23s
2026-05-30T19:31:41.427733,fused,True,6,58,15.74,97,-83,444,0,medium,Prolonged occupancy: 7m 24s
2026-05-30T19:31:43.448828,fused,True,6,58,6.73,83,-30,446,0,medium,Prolonged occupancy: 7m 26s
2026-05-30T19:31:43.459865,fused,True,6,58,6.73,83,-30,446,0,medium,Prolonged occupancy: 7m 26s
2026-05-30T19:31:45.269029,fused,True,6,57,6.73,83,-30,447,0,medium,Prolonged occupancy: 7m 27s
2026-05-30T19:31:45.462267,fused,True,6,57,5.2,85,-30,448,0,medium,Prolonged occupancy: 7m 28s
2026-05-30T19:31:47.156204,fused,True,6,57,5.2,85,-30,449,0,medium,Prolonged occupancy: 7m 29s
2026-05-30T19:31:47.497723,fused,True,6,57,6.72,88,-13,450,0,medium,Prolonged occupancy: 7m 30s
2026-05-30T19:31:49.522645,fused,True,6,57,4.49,76,-76,452,0,medium,Prolonged occupancy: 7m 32s
2026-05-30T19:31:49.633993,fused,True,6,57,4.49,76,-76,452,0,medium,Prolonged occupancy: 7m 32s
2026-05-30T19:31:51.550454,fused,True,6,57,27.77,83,-31,454,0,medium,Prolonged occupancy: 7m 34s
2026-05-30T19:31:51.844124,fused,True,6,57,27.77,83,-31,454,0,medium,Prolonged occupancy: 7m 34s
2026-05-30T19:31:53.155938,fused,True,6,57,27.77,83,-31,455,0,medium,Prolonged occupancy: 7m 35s
2026-05-30T19:31:54.851069,fused,True,25,0,5.83,89,-77,0,0,low,
2026-05-30T19:31:56.085611,fused,True,6,57,5.83,89,-77,1,0,low,
2026-05-30T19:31:56.870498,fused,True,6,57,3.97,82,-13,2,0,low,
2026-05-30T19:31:57.592391,fused,True,6,57,3.97,82,-13,2,0,low,
2026-05-30T19:31:58.876967,fused,True,6,57,3.26,83,-13,4,0,low,
2026-05-30T19:31:59.016252,fused,True,6,57,3.26,83,-13,4,0,low,
2026-05-30T19:32:00.905443,fused,True,6,57,3.35,84,-76,6,0,low,
2026-05-30T19:32:01.081819,fused,True,6,57,3.35,84,-76,6,0,low,
2026-05-30T19:32:02.928924,fused,True,6,57,7.4,76,-76,8,0,low,
2026-05-30T19:32:03.115124,fused,True,6,57,7.4,76,-76,8,0,low,
2026-05-30T19:32:04.946651,fused,True,6,57,6.13,69,-10,10,0,low,
2026-05-30T19:32:05.238823,fused,True,6,57,6.13,69,-10,10,0,low,
2026-05-30T19:32:06.954472,fused,True,6,57,7.17,87,-31,12,0,low,
2026-05-30T19:32:07.434090,fused,True,6,57,7.17,87,-31,12,0,low,
2026-05-30T19:32:08.982308,fused,True,6,57,2.03,95,-13,14,0,low,
2026-05-30T19:32:09.180365,fused,True,6,57,2.03,95,-13,14,0,low,
2026-05-30T19:32:11.010432,fused,True,6,57,3.33,112,-30,16,0,low,
2026-05-30T19:32:11.105419,fused,True,6,57,3.33,112,-30,16,0,low,
2026-05-30T19:32:13.040864,fused,True,6,57,5.05,119,-13,18,0,low,
2026-05-30T19:32:13.662443,fused,True,6,57,5.05,119,-13,18,0,low,
2026-05-30T19:32:15.067127,fused,True,6,57,23.31,96,-13,20,0,low,
2026-05-30T19:32:15.589727,fused,True,6,57,23.31,96,-13,20,0,low,
2026-05-30T19:32:17.092484,fused,True,6,57,3.2,87,-26,22,0,low,
2026-05-30T19:32:17.580691,fused,True,6,57,3.2,87,-26,22,0,low,
2026-05-30T19:32:19.110387,fused,True,6,56,3.2,87,-26,24,0,low,
2026-05-30T19:32:19.119686,fused,True,6,56,2.96,81,-32,24,0,low,
2026-05-30T19:32:21.127222,fused,True,6,56,3.28,87,-30,26,0,low,
2026-05-30T19:32:21.249151,fused,True,6,56,3.28,87,-30,26,0,low,
2026-05-30T19:32:23.152539,fused,True,6,56,7.9,89,-13,28,0,low,
2026-05-30T19:32:23.555528,fused,True,6,56,7.9,89,-13,28,0,low,
2026-05-30T19:32:25.179068,fused,True,6,56,6.12,90,-10,30,0,low,
2026-05-30T19:32:25.245699,fused,True,6,56,6.12,90,-10,30,0,low,
2026-05-30T19:32:27.202557,fused,True,6,56,14.42,95,-30,32,0,low,
2026-05-30T19:32:27.463372,fused,True,6,56,14.42,95,-30,32,0,low,
2026-05-30T19:32:29.229103,fused,True,6,56,13.03,87,-30,34,0,low,
2026-05-30T19:32:29.331377,fused,True,6,56,13.03,87,-30,34,0,low,
2026-05-30T19:32:31.232600,fused,True,6,56,13.03,87,-30,36,0,low,
2026-05-30T19:32:31.251074,fused,True,6,56,20.92,84,-75,36,0,low,
2026-05-30T19:32:33.275727,fused,True,6,56,4.79,80,-30,38,0,low,
2026-05-30T19:32:33.489117,fused,True,6,56,4.79,80,-30,38,0,low,
2026-05-30T19:32:35.302657,fused,True,6,56,2.53,93,-37,40,0,low,
2026-05-30T19:32:35.420961,fused,True,6,56,2.53,93,-37,40,0,low,
2026-05-30T19:32:37.086543,fused,True,6,56,2.53,93,-37,42,0,low,
2026-05-30T19:32:37.325359,fused,True,6,56,5.26,85,-14,42,0,low,
2026-05-30T19:32:39.348786,fused,True,6,56,4.96,88,-76,44,0,low,
2026-05-30T19:32:39.371716,fused,True,6,56,4.96,88,-76,44,0,low,
2026-05-30T19:32:41.005086,fused,True,6,56,4.96,88,-76,46,0,low,
2026-05-30T19:32:41.369116,fused,True,6,56,13.35,85,-13,46,0,low,
2026-05-30T19:32:43.081210,fused,True,6,56,13.35,85,-13,48,0,low,
2026-05-30T19:32:43.391356,fused,True,6,56,26.93,81,-77,48,0,low,
2026-05-30T19:32:45.411516,fused,True,6,56,6.36,84,-30,50,0,low,
2026-05-30T19:32:45.674684,fused,True,6,56,6.36,84,-30,50,0,low,
2026-05-30T19:32:47.107397,fused,True,6,55,6.36,84,-30,52,0,low,
2026-05-30T19:32:47.431426,fused,True,6,55,2.64,101,-10,52,0,low,
2026-05-30T19:32:48.996336,fused,True,6,55,2.64,101,-10,54,0,low,
2026-05-30T19:32:49.463026,fused,True,6,55,16.85,101,-10,54,0,low,
2026-05-30T19:32:51.101333,fused,True,6,55,16.85,101,-10,56,0,low,
2026-05-30T19:32:51.488116,fused,True,6,55,4.05,94,-14,56,0,low,
2026-05-30T19:32:52.987075,fused,True,6,55,4.05,94,-14,58,0,low,
2026-05-30T19:32:53.497378,fused,True,6,55,8.92,93,-10,58,0,low,
2026-05-30T19:32:54.994729,fused,True,6,55,8.92,93,-10,60,0,low,
2026-05-30T19:32:55.503042,fused,True,6,55,3.09,81,-13,60,0,low,
2026-05-30T19:32:57.491993,fused,True,6,55,3.09,81,-13,62,0,low,
2026-05-30T19:32:57.523060,fused,True,6,55,2.9,79,-31,62,0,low,
2026-05-30T19:32:59.195364,fused,True,6,55,2.9,79,-31,64,0,low,
2026-05-30T19:32:59.532768,fused,True,6,55,3.08,86,-76,64,0,low,
2026-05-30T19:33:01.274693,fused,True,6,55,3.08,86,-76,66,0,low,
2026-05-30T19:33:01.556613,fused,True,6,55,4.94,92,-13,66,0,low,
2026-05-30T19:33:03.071321,fused,True,6,55,4.94,92,-13,68,0,low,
2026-05-30T19:33:03.565011,fused,True,6,55,9.74,85,-14,68,0,low,
2026-05-30T19:33:05.132931,fused,True,6,55,9.74,85,-14,70,0,low,
2026-05-30T19:33:05.592169,fused,True,6,55,5.28,85,-64,70,0,low,
2026-05-30T19:33:06.991832,fused,True,6,55,5.28,85,-64,72,0,low,
2026-05-30T19:33:07.619666,fused,True,6,55,7.01,92,-30,72,0,low,
2026-05-30T19:33:09.010700,fused,True,6,55,7.01,92,-30,74,0,low,
2026-05-30T19:33:09.627260,fused,True,6,55,6.94,69,-13,74,0,low,
2026-05-30T19:33:11.085033,fused,True,6,55,6.94,69,-13,76,0,low,
2026-05-30T19:33:11.645169,fused,True,6,55,3.97,85,-31,76,0,low,
2026-05-30T19:33:13.106390,fused,True,6,55,3.97,85,-31,78,0,low,
2026-05-30T19:33:13.668368,fused,True,6,55,14.22,80,-10,78,0,low,
2026-05-30T19:33:15.000625,fused,True,6,55,14.22,80,-10,80,0,low,
2026-05-30T19:33:15.677060,fused,True,6,55,5.81,71,-14,80,0,low,
2026-05-30T19:33:17.023195,fused,True,6,54,5.81,71,-14,82,0,low,
2026-05-30T19:33:17.702697,fused,True,6,54,7.9,68,-30,82,0,low,
2026-05-30T19:33:19.073075,fused,True,6,54,7.9,68,-30,84,0,low,
2026-05-30T19:33:19.709666,fused,True,6,54,4.65,74,-31,84,0,low,
2026-05-30T19:33:21.046439,fused,True,6,54,4.65,74,-31,86,0,low,
2026-05-30T19:33:21.718540,fused,True,6,54,4.99,84,-14,86,0,low,
2026-05-30T19:33:23.062084,fused,True,6,54,4.99,84,-14,88,0,low,
2026-05-30T19:33:23.737876,fused,True,6,54,2.62,75,-13,88,0,low,
2026-05-30T19:33:25.008593,fused,True,6,54,2.62,75,-13,90,0,low,
2026-05-30T19:33:25.744561,fused,True,6,54,11.66,79,-11,90,0,low,
2026-05-30T19:33:26.995941,fused,True,6,54,11.66,79,-11,92,0,low,
2026-05-30T19:33:27.773473,fused,True,6,54,3.16,82,-14,92,0,low,
2026-05-30T19:33:29.008391,fused,True,6,54,3.16,82,-14,94,0,low,
2026-05-30T19:33:29.800123,fused,True,6,54,6.77,103,-65,94,0,low,
2026-05-30T19:33:31.038555,fused,True,6,54,6.77,103,-65,96,0,low,
2026-05-30T19:33:31.808814,fused,True,6,54,5.56,86,-65,96,0,low,
2026-05-30T19:33:33.002737,fused,True,6,54,5.56,86,-65,98,0,low,
2026-05-30T19:33:33.828133,fused,True,6,54,4.64,83,-11,98,0,low,
2026-05-30T19:33:35.032733,fused,True,6,54,4.64,83,-11,100,0,low,
2026-05-30T19:33:35.855468,fused,True,6,54,4.85,83,-10,101,0,low,
2026-05-30T19:33:36.995875,fused,True,6,54,4.85,83,-10,102,0,low,
2026-05-30T19:33:37.884864,fused,True,6,54,2.44,80,-11,103,0,low,
2026-05-30T19:33:39.007769,fused,True,6,54,2.44,80,-11,104,0,low,
2026-05-30T19:33:39.897924,fused,True,6,54,12.7,82,-14,105,0,low,
2026-05-30T19:33:41.071195,fused,True,6,54,12.7,82,-14,106,0,low,
2026-05-30T19:33:41.918327,fused,True,6,54,5.84,102,-75,107,0,low,
2026-05-30T19:33:43.022366,fused,True,6,54,5.84,102,-75,108,0,low,
2026-05-30T19:33:43.938907,fused,True,6,54,3.92,89,-30,109,0,low,
2026-05-30T19:33:45.001373,fused,True,6,54,3.92,89,-30,110,0,low,
2026-05-30T19:33:45.959769,fused,True,6,54,13.9,81,-13,111,0,low,
2026-05-30T19:33:47.111880,fused,True,6,54,13.9,81,-13,112,0,low,
2026-05-30T19:33:47.977858,fused,True,6,54,9.35,80,-30,113,0,low,
2026-05-30T19:33:48.994533,fused,True,6,54,9.35,80,-30,114,0,low,
2026-05-30T19:33:50.009840,fused,True,6,54,17.23,86,-30,115,0,low,
2026-05-30T19:33:51.104901,fused,True,6,54,17.23,86,-30,116,0,low,
2026-05-30T19:33:52.030150,fused,True,6,54,20.58,90,-30,117,0,low,
2026-05-30T19:33:52.988036,fused,True,6,54,20.58,90,-30,118,0,low,
2026-05-30T19:33:54.038988,fused,True,6,54,5.33,88,-30,119,0,low,
2026-05-30T19:33:55.101767,fused,True,6,54,5.33,88,-30,120,0,low,
2026-05-30T19:33:56.045614,fused,True,6,54,6.19,76,-11,121,0,low,
2026-05-30T19:33:56.991970,fused,True,6,53,6.19,76,-11,122,0,low,
2026-05-30T19:33:58.065592,fused,True,6,53,2.82,95,-10,123,0,low,
2026-05-30T19:33:59.095872,fused,True,6,53,2.82,95,-10,124,0,low,
2026-05-30T19:34:00.083838,fused,True,6,53,13.03,102,-10,125,0,low,
2026-05-30T19:34:01.049086,fused,True,6,53,13.03,102,-10,126,0,low,
2026-05-30T19:34:02.105088,fused,True,6,53,2.73,89,-13,127,0,low,
2026-05-30T19:34:03.002261,fused,True,6,53,2.73,89,-13,128,0,low,
2026-05-30T19:34:04.119608,fused,True,6,53,4.45,90,-10,129,0,low,
2026-05-30T19:34:05.014725,fused,True,6,53,4.45,90,-10,130,0,low,
2026-05-30T19:34:06.146347,fused,True,6,53,10.76,87,-64,131,0,low,
2026-05-30T19:34:06.994386,fused,True,6,53,10.76,87,-64,132,0,low,
2026-05-30T19:34:08.176816,fused,True,6,53,3.18,88,-11,133,0,low,
2026-05-30T19:34:09.002708,fused,True,6,53,3.18,88,-11,134,0,low,
2026-05-30T19:34:10.201847,fused,True,6,53,8.49,90,-64,135,0,low,
2026-05-30T19:34:11.077529,fused,True,6,53,8.49,90,-64,136,0,low,
2026-05-30T19:34:12.223485,fused,True,6,53,7.93,91,-65,137,0,low,
2026-05-30T19:34:13.021708,fused,True,6,53,7.93,91,-65,138,0,low,
2026-05-30T19:34:14.244892,fused,True,6,53,2.14,90,-10,139,0,low,
2026-05-30T19:34:15.009351,fused,True,6,53,2.14,90,-10,140,0,low,
2026-05-30T19:34:16.265069,fused,True,6,53,3.47,96,-13,141,0,low,
2026-05-30T19:34:17.019869,fused,True,6,53,3.47,96,-13,142,0,low,
2026-05-30T19:34:18.293215,fused,True,6,53,6.27,104,-10,143,0,low,
2026-05-30T19:34:19.211677,fused,True,6,53,6.27,104,-10,144,0,low,
2026-05-30T19:34:20.313550,fused,True,6,53,1.57,109,-30,145,0,low,
2026-05-30T19:34:21.001219,fused,True,6,53,1.57,109,-30,146,0,low,
2026-05-30T19:34:22.334676,fused,True,6,53,4.47,98,-13,147,0,low,
2026-05-30T19:34:23.004124,fused,True,6,53,4.47,98,-13,148,0,low,
2026-05-30T19:34:24.362519,fused,True,6,53,29.2,85,-10,149,0,low,
2026-05-30T19:34:25.109251,fused,True,6,53,29.2,85,-10,150,0,low,
2026-05-30T19:34:26.390586,fused,True,6,53,3.45,84,-30,151,0,low,
2026-05-30T19:34:26.997495,fused,True,6,53,3.45,84,-30,152,0,low,
2026-05-30T19:34:28.420990,fused,True,6,53,3.26,98,-30,153,0,low,
2026-05-30T19:34:28.993808,fused,True,6,53,3.26,98,-30,154,0,low,
2026-05-30T19:34:30.445284,fused,True,6,53,6.72,92,-13,155,0,low,
2026-05-30T19:34:31.051612,fused,True,6,52,6.72,92,-13,156,0,low,
2026-05-30T19:34:32.480347,fused,True,6,52,8.23,74,-30,157,0,low,
2026-05-30T19:34:32.988833,fused,True,6,52,8.23,74,-30,158,0,low,
2026-05-30T19:34:34.500100,fused,True,6,52,2.77,76,-10,159,0,low,
2026-05-30T19:34:34.990970,fused,True,6,52,2.77,76,-10,160,0,low,
2026-05-30T19:34:36.525417,fused,True,6,52,5.59,84,-66,161,0,low,
2026-05-30T19:34:37.008305,fused,True,6,52,5.59,84,-66,162,0,low,
2026-05-30T19:34:38.556451,fused,True,6,52,4.74,88,-10,163,0,low,
2026-05-30T19:34:39.028576,fused,True,6,52,4.74,88,-10,164,0,low,
2026-05-30T19:34:40.578343,fused,True,6,52,8.25,95,-30,165,0,low,
2026-05-30T19:34:41.019197,fused,True,6,52,8.25,95,-30,166,0,low,
2026-05-30T19:34:42.604641,fused,True,6,52,2.69,89,-14,167,0,low,
2026-05-30T19:34:43.125605,fused,True,6,52,2.69,89,-14,168,0,low,
2026-05-30T19:34:44.625245,fused,True,6,52,8.93,91,-13,169,0,low,
2026-05-30T19:34:44.993285,fused,True,6,52,8.93,91,-13,170,0,low,
2026-05-30T19:34:46.647306,fused,True,6,52,2.06,81,-14,171,0,low,
2026-05-30T19:34:47.003467,fused,True,6,52,2.06,81,-14,172,0,low,
2026-05-30T19:34:48.653784,fused,True,6,52,4.75,96,-14,173,0,low,
2026-05-30T19:34:49.007984,fused,True,6,52,4.75,96,-14,174,0,low,
2026-05-30T19:34:50.681017,fused,True,6,52,4.87,95,-14,175,0,low,
2026-05-30T19:34:50.987774,fused,True,6,52,4.87,95,-14,176,0,low,
2026-05-30T19:34:52.690351,fused,True,6,52,3.73,86,-14,177,0,low,
2026-05-30T19:34:52.994167,fused,True,6,52,3.73,86,-14,178,0,low,
2026-05-30T19:34:54.710035,fused,True,6,52,2.63,86,-10,179,0,low,
2026-05-30T19:34:55.113648,fused,True,6,52,2.63,86,-10,180,0,low,
2026-05-30T19:34:56.738868,fused,True,6,52,5.11,91,-14,181,0,low,
2026-05-30T19:34:57.056738,fused,True,6,52,5.11,91,-14,182,0,low,
2026-05-30T19:34:58.759421,fused,True,6,52,6.93,96,-14,183,0,low,
2026-05-30T19:34:58.995072,fused,True,6,52,6.93,96,-14,184,0,low,
2026-05-30T19:35:00.780420,fused,True,6,52,2.65,84,-30,185,0,low,
2026-05-30T19:35:00.995123,fused,True,6,52,2.65,84,-30,186,0,low,
2026-05-30T19:35:02.793228,fused,True,6,52,3.79,75,-83,187,0,low,
2026-05-30T19:35:03.093331,fused,True,6,52,3.79,75,-83,188,0,low,
2026-05-30T19:35:04.829208,fused,True,6,52,4.67,80,-30,189,0,low,
2026-05-30T19:35:04.985194,fused,True,6,52,4.67,80,-30,190,0,low,
2026-05-30T19:35:06.860115,fused,True,6,52,5.58,80,-10,192,0,low,
2026-05-30T19:35:06.996463,fused,True,6,51,5.58,80,-10,192,0,low,
2026-05-30T19:35:08.869841,fused,True,6,51,4.06,79,-30,194,0,low,
2026-05-30T19:35:09.038630,fused,True,6,51,4.06,79,-30,194,0,low,
2026-05-30T19:35:10.882092,fused,True,6,51,15.51,79,-13,196,0,low,
2026-05-30T19:35:11.000155,fused,True,6,51,15.51,79,-13,196,0,low,
2026-05-30T19:35:12.909429,fused,True,6,51,3.58,72,-30,198,0,low,
2026-05-30T19:35:13.045553,fused,True,6,51,3.58,72,-30,198,0,low,
2026-05-30T19:35:14.918924,fused,True,6,51,4.77,74,-10,200,0,low,
2026-05-30T19:35:15.015399,fused,True,6,51,4.77,74,-10,200,0,low,
2026-05-30T19:35:16.942039,fused,True,6,51,5.23,76,-14,202,0,low,
2026-05-30T19:35:17.006800,fused,True,6,51,5.23,76,-14,202,0,low,
2026-05-30T19:35:18.965872,fused,True,6,51,12.47,78,-10,204,0,low,
2026-05-30T19:35:19.008386,fused,True,6,51,12.47,78,-10,204,0,low,
2026-05-30T19:35:20.979030,fused,True,6,51,12.49,90,-10,206,0,low,
2026-05-30T19:35:20.999890,fused,True,6,51,12.49,90,-10,206,0,low,
2026-05-30T19:35:23.003848,fused,True,6,51,13.34,87,-30,208,0,low,
2026-05-30T19:35:23.014806,fused,True,6,51,13.34,87,-30,208,0,low,
2026-05-30T19:35:25.007565,fused,True,6,51,13.34,87,-30,210,0,low,
2026-05-30T19:35:25.029342,fused,True,6,51,17.88,89,-11,210,0,low,
2026-05-30T19:35:26.996675,fused,True,6,51,17.88,89,-11,212,0,low,
2026-05-30T19:35:27.036500,fused,True,6,51,3.94,92,-65,212,0,low,
2026-05-30T19:35:28.989402,fused,True,6,51,3.94,92,-65,214,0,low,
2026-05-30T19:35:29.044986,fused,True,6,51,17.04,94,-14,214,0,low,
2026-05-30T19:35:30.986912,fused,True,6,51,17.04,94,-14,216,0,low,
2026-05-30T19:35:31.055361,fused,True,6,51,2.03,80,-11,216,0,low,
2026-05-30T19:35:32.986513,fused,True,6,51,2.03,80,-11,218,0,low,
2026-05-30T19:35:33.073248,fused,True,6,51,3.38,91,-30,218,0,low,
2026-05-30T19:35:34.992067,fused,True,6,51,3.38,91,-30,220,0,low,
2026-05-30T19:35:35.100872,fused,True,6,51,12.3,95,-11,220,0,low,
2026-05-30T19:35:37.097233,fused,True,6,51,12.3,95,-11,222,0,low,
2026-05-30T19:35:37.126179,fused,True,6,51,3.03,81,-14,222,0,low,
2026-05-30T19:35:38.993004,fused,True,6,51,3.03,81,-14,224,0,low,
2026-05-30T19:35:39.148044,fused,True,6,51,4.82,86,-13,224,0,low,
2026-05-30T19:35:41.092592,fused,True,6,51,4.82,86,-13,226,0,low,
2026-05-30T19:35:41.166994,fused,True,6,51,1.81,87,-12,226,0,low,
2026-05-30T19:35:43.002089,fused,True,6,51,1.81,87,-12,228,0,low,
2026-05-30T19:35:43.174156,fused,True,6,51,2.47,95,-30,228,0,low,
2026-05-30T19:35:44.996733,fused,True,6,51,2.47,95,-30,230,0,low,
2026-05-30T19:35:45.195015,fused,True,6,51,8.44,101,-13,230,0,low,
2026-05-30T19:35:47.011170,fused,True,6,51,8.44,101,-13,232,0,low,
2026-05-30T19:35:47.215998,fused,True,6,51,4.07,79,-30,232,0,low,
2026-05-30T19:35:48.995276,fused,True,6,50,4.07,79,-30,234,0,low,
2026-05-30T19:35:49.223546,fused,True,6,50,6.4,83,-10,234,0,low,
2026-05-30T19:35:51.011590,fused,True,6,50,6.4,83,-10,236,0,low,
2026-05-30T19:35:51.241027,fused,True,6,50,1.86,86,-66,236,0,low,
2026-05-30T19:35:53.004496,fused,True,6,50,1.86,86,-66,238,0,low,
2026-05-30T19:35:53.254648,fused,True,6,50,4.72,78,-65,238,0,low,
2026-05-30T19:35:55.015019,fused,True,6,50,4.72,78,-65,240,0,low,
2026-05-30T19:35:55.288695,fused,True,6,50,6.04,81,-65,240,0,low,
2026-05-30T19:35:56.998449,fused,True,6,50,6.04,81,-65,242,0,low,
2026-05-30T19:35:57.306197,fused,True,6,50,6.53,72,-13,242,0,low,
2026-05-30T19:35:59.002292,fused,True,6,50,6.53,72,-13,244,0,low,
2026-05-30T19:35:59.326811,fused,True,6,50,6.75,69,-13,244,0,low,
2026-05-30T19:36:01.062294,fused,True,6,50,6.75,69,-13,246,0,low,
2026-05-30T19:36:01.357475,fused,True,6,50,9.04,90,-13,246,0,low,
2026-05-30T19:36:03.001827,fused,True,6,50,9.04,90,-13,248,0,low,
2026-05-30T19:36:03.382339,fused,True,6,50,10.52,93,-14,248,0,low,
2026-05-30T19:36:05.158572,fused,True,6,50,10.52,93,-14,250,0,low,
2026-05-30T19:36:05.391202,fused,True,6,50,3.8,97,-30,250,0,low,
